pk_productkey;product_category;product_subcategory;product_categoryname;product_subcategoryname;standard_cost;colour;list_price;size;dealer_price;model_name;details;product_start_date;product_end_date;supplier;supplier_name;transportation_fees
210;CP;CP11;Components;Road Frames;647,0394;Black;1039,39;58;750,094;HL Road Frame;Our lightest and best quality aluminum frame made from the newest alloy it is welded and heat-treated for strength Our innovative design results in maximum comfort and performance;01/06/2013;;SP6;Alicia Bike Keys;1
211;CP;CP11;Components;Road Frames;713,0923;Red;1183,04;58;812,972;HL Road Frame;Our lightest and best quality aluminum frame made from the newest alloy it is welded and heat-treated for strength Our innovative design results in maximum comfort and performance;01/06/2013;;SP3;Life on Wheels;1
212;ACC;ACC6;Accessories;Helmets;12,0278;Red;33,6442;;20,1865;Sport-100;Universal fit well-vented lightweight  snap-on visor;01/07/2016;30/06/2017;SP5;Be A Bike;1
213;ACC;ACC6;Accessories;Helmets;13,8782;Red;33,6442;;20,1865;Sport-100;Universal fit well-vented lightweight  snap-on visor;01/07/2017;30/06/2018;SP6;Alicia Bike Keys;1
214;ACC;ACC6;Accessories;Helmets;13,0863;Red;34,99;;20,994;Sport-100;Universal fit well-vented lightweight  snap-on visor;01/07/2018;;SP3;Life on Wheels;1
215;ACC;ACC6;Accessories;Helmets;12,0278;Black;33,6442;;20,1865;Sport-100;Universal fit well-vented lightweight  snap-on visor;01/07/2016;30/06/2017;SP2;Trackish Life;0
216;ACC;ACC6;Accessories;Helmets;13,8782;Black;33,6442;;20,1865;Sport-100;Universal fit well-vented lightweight  snap-on visor;01/07/2017;30/06/2018;SP8;Mike Bikes;0
217;ACC;ACC6;Accessories;Helmets;13,0863;Black;34,99;;20,994;Sport-100;Universal fit well-vented lightweight  snap-on visor;01/07/2018;;SP2;Trackish Life;0
218;CH;CH6;Clothing;Socks;3,3963;White;9,5;;5,7;Mountain Bike Socks;Combination of natural and synthetic fibers stays dry and provides just the right cushioning;01/07/2016;30/06/2017;SP8;Mike Bikes;0
219;CH;CH6;Clothing;Socks;3,3963;White;9,5;;5,7;Mountain Bike Socks;Combination of natural and synthetic fibers stays dry and provides just the right cushioning;01/07/2016;30/06/2017;SP2;Trackish Life;0
220;ACC;ACC6;Accessories;Helmets;12,0278;Blue;33,6442;;20,1865;Sport-100;Universal fit well-vented lightweight  snap-on visor;01/07/2016;30/06/2017;SP4;Next Bike;0
221;ACC;ACC6;Accessories;Helmets;13,8782;Blue;33,6442;;20,1865;Sport-100;Universal fit well-vented lightweight  snap-on visor;01/07/2017;30/06/2018;SP7;Biker Boys Inc;0
222;ACC;ACC6;Accessories;Helmets;13,0863;Blue;34,99;;20,994;Sport-100;Universal fit well-vented lightweight  snap-on visor;01/07/2018;;SP8;Mike Bikes;0
223;CH;CH2;Clothing;Caps;5,7052;Multi;8,6442;;5,1865;Cycling Cap;Traditional style with a flip-up brim one-size fits all;01/07/2016;30/06/2017;SP8;Mike Bikes;0
224;CH;CH2;Clothing;Caps;5,2297;Multi;8,6442;;5,1865;Cycling Cap;Traditional style with a flip-up brim one-size fits all;01/07/2017;30/06/2018;SP3;Life on Wheels;1
225;CH;CH2;Clothing;Caps;6,9223;Multi;8,99;;5,394;Cycling Cap;Traditional style with a flip-up brim one-size fits all;01/07/2018;;SP3;Life on Wheels;1
226;CH;CH4;Clothing;Jerseys;31,7244;Multi;48,0673;;28,8404;Long-Sleeve Logo Jersey;Unisex long-sleeve AWC logo microfiber cycling jersey;01/07/2016;30/06/2017;SP5;Be A Bike;1
227;CH;CH4;Clothing;Jerseys;29,0807;Multi;48,0673;;28,8404;Long-Sleeve Logo Jersey;Unisex long-sleeve AWC logo microfiber cycling jersey;01/07/2017;30/06/2018;SP5;Be A Bike;1
228;CH;CH4;Clothing;Jerseys;38,4923;Multi;49,99;;29,994;Long-Sleeve Logo Jersey;Unisex long-sleeve AWC logo microfiber cycling jersey;01/07/2018;;SP7;Biker Boys Inc;0
229;CH;CH4;Clothing;Jerseys;31,7244;Multi;48,0673;;28,8404;Long-Sleeve Logo Jersey;Unisex long-sleeve AWC logo microfiber cycling jersey;01/07/2016;30/06/2017;SP8;Mike Bikes;0
230;CH;CH4;Clothing;Jerseys;29,0807;Multi;48,0673;;28,8404;Long-Sleeve Logo Jersey;Unisex long-sleeve AWC logo microfiber cycling jersey;01/07/2017;30/06/2018;SP6;Alicia Bike Keys;1
231;CH;CH4;Clothing;Jerseys;38,4923;Multi;49,99;;29,994;Long-Sleeve Logo Jersey;Unisex long-sleeve AWC logo microfiber cycling jersey;01/07/2018;;SP4;Next Bike;0
232;CH;CH4;Clothing;Jerseys;31,7244;Multi;48,0673;;28,8404;Long-Sleeve Logo Jersey;Unisex long-sleeve AWC logo microfiber cycling jersey;01/07/2016;30/06/2017;SP3;Life on Wheels;1
233;CH;CH4;Clothing;Jerseys;29,0807;Multi;48,0673;;28,8404;Long-Sleeve Logo Jersey;Unisex long-sleeve AWC logo microfiber cycling jersey;01/07/2017;30/06/2018;SP4;Next Bike;0
234;CH;CH4;Clothing;Jerseys;38,4923;Multi;49,99;;29,994;Long-Sleeve Logo Jersey;Unisex long-sleeve AWC logo microfiber cycling jersey;01/07/2018;;SP4;Next Bike;0
235;CH;CH4;Clothing;Jerseys;31,7244;Multi;48,0673;;28,8404;Long-Sleeve Logo Jersey;Unisex long-sleeve AWC logo microfiber cycling jersey;01/07/2016;30/06/2017;SP5;Be A Bike;1
236;CH;CH4;Clothing;Jerseys;29,0807;Multi;48,0673;;28,8404;Long-Sleeve Logo Jersey;Unisex long-sleeve AWC logo microfiber cycling jersey;01/07/2017;30/06/2018;SP7;Biker Boys Inc;0
237;CH;CH4;Clothing;Jerseys;38,4923;Multi;49,99;;29,994;Long-Sleeve Logo Jersey;Unisex long-sleeve AWC logo microfiber cycling jersey;01/07/2018;;SP6;Alicia Bike Keys;1
238;CP;CP11;Components;Road Frames;747,9682;Red;1263,4598;62;758,0759;HL Road Frame;Our lightest and best quality aluminum frame made from the newest alloy it is welded and heat-treated for strength Our innovative design results in maximum comfort and performance;01/07/2016;30/06/2017;SP5;Be A Bike;1
239;CP;CP11;Components;Road Frames;722,2568;Red;1301,3636;62;780,8182;HL Road Frame;Our lightest and best quality aluminum frame made from the newest alloy it is welded and heat-treated for strength Our innovative design results in maximum comfort and performance;01/07/2017;30/06/2018;SP7;Biker Boys Inc;0
240;CP;CP11;Components;Road Frames;868,6342;Red;1431,5;62;858,9;HL Road Frame;Our lightest and best quality aluminum frame made from the newest alloy it is welded and heat-treated for strength Our innovative design results in maximum comfort and performance;01/07/2018;;SP5;Be A Bike;1
241;CP;CP11;Components;Road Frames;747,9682;Red;1263,4598;44;758,0759;HL Road Frame;Our lightest and best quality aluminum frame made from the newest alloy it is welded and heat-treated for strength Our innovative design results in maximum comfort and performance;01/07/2016;30/06/2017;SP7;Biker Boys Inc;0
242;CP;CP11;Components;Road Frames;722,2568;Red;1301,3636;44;780,8182;HL Road Frame;Our lightest and best quality aluminum frame made from the newest alloy it is welded and heat-treated for strength Our innovative design results in maximum comfort and performance;01/07/2017;30/06/2018;SP8;Mike Bikes;0
243;CP;CP11;Components;Road Frames;868,6342;Red;1431,5;44;858,9;HL Road Frame;Our lightest and best quality aluminum frame made from the newest alloy it is welded and heat-treated for strength Our innovative design results in maximum comfort and performance;01/07/2018;;SP1;Pedal For Life;0
244;CP;CP11;Components;Road Frames;747,9682;Red;1263,4598;48;758,0759;HL Road Frame;Our lightest and best quality aluminum frame made from the newest alloy it is welded and heat-treated for strength Our innovative design results in maximum comfort and performance;01/07/2016;30/06/2017;SP4;Next Bike;0
245;CP;CP11;Components;Road Frames;722,2568;Red;1301,3636;48;780,8182;HL Road Frame;Our lightest and best quality aluminum frame made from the newest alloy it is welded and heat-treated for strength Our innovative design results in maximum comfort and performance;01/07/2017;30/06/2018;SP2;Trackish Life;0
246;CP;CP11;Components;Road Frames;868,6342;Red;1431,5;48;858,9;HL Road Frame;Our lightest and best quality aluminum frame made from the newest alloy it is welded and heat-treated for strength Our innovative design results in maximum comfort and performance;01/07/2018;;SP5;Be A Bike;1
247;CP;CP11;Components;Road Frames;747,9682;Red;1263,4598;52;758,0759;HL Road Frame;Our lightest and best quality aluminum frame made from the newest alloy it is welded and heat-treated for strength Our innovative design results in maximum comfort and performance;01/07/2016;30/06/2017;SP1;Pedal For Life;0
248;CP;CP11;Components;Road Frames;722,2568;Red;1301,3636;52;780,8182;HL Road Frame;Our lightest and best quality aluminum frame made from the newest alloy it is welded and heat-treated for strength Our innovative design results in maximum comfort and performance;01/07/2017;30/06/2018;SP7;Biker Boys Inc;0
249;CP;CP11;Components;Road Frames;868,6342;Red;1431,5;52;858,9;HL Road Frame;Our lightest and best quality aluminum frame made from the newest alloy it is welded and heat-treated for strength Our innovative design results in maximum comfort and performance;01/07/2018;;SP2;Trackish Life;0
250;CP;CP11;Components;Road Frames;747,9682;Red;1263,4598;56;758,0759;HL Road Frame;Our lightest and best quality aluminum frame made from the newest alloy it is welded and heat-treated for strength Our innovative design results in maximum comfort and performance;01/07/2016;30/06/2017;SP4;Next Bike;0
251;CP;CP11;Components;Road Frames;722,2568;Red;1301,3636;56;780,8182;HL Road Frame;Our lightest and best quality aluminum frame made from the newest alloy it is welded and heat-treated for strength Our innovative design results in maximum comfort and performance;01/07/2017;30/06/2018;SP7;Biker Boys Inc;0
252;CP;CP11;Components;Road Frames;868,6342;Red;1431,5;56;858,9;HL Road Frame;Our lightest and best quality aluminum frame made from the newest alloy it is welded and heat-treated for strength Our innovative design results in maximum comfort and performance;01/07/2018;;SP5;Be A Bike;1
253;CP;CP11;Components;Road Frames;176,1997;Black;297,6346;58;178,5808;LL Road Frame;The LL Frame provides a safe comfortable ride while offering superior bump absorption in a value-priced aluminum frame;01/07/2016;30/06/2017;SP3;Life on Wheels;1
254;CP;CP11;Components;Road Frames;170,1428;Black;306,5636;58;183,9382;LL Road Frame;The LL Frame provides a safe comfortable ride while offering superior bump absorption in a value-priced aluminum frame;01/07/2017;30/06/2018;SP2;Trackish Life;0
255;CP;CP11;Components;Road Frames;204,6251;Black;337,22;58;202,332;LL Road Frame;The LL Frame provides a safe comfortable ride while offering superior bump absorption in a value-priced aluminum frame;01/07/2018;;SP5;Be A Bike;1
256;CP;CP11;Components;Road Frames;176,1997;Black;297,6346;60;178,5808;LL Road Frame;The LL Frame provides a safe comfortable ride while offering superior bump absorption in a value-priced aluminum frame;01/07/2016;30/06/2017;SP3;Life on Wheels;1
257;CP;CP11;Components;Road Frames;170,1428;Black;306,5636;60;183,9382;LL Road Frame;The LL Frame provides a safe comfortable ride while offering superior bump absorption in a value-priced aluminum frame;01/07/2017;30/06/2018;SP8;Mike Bikes;0
258;CP;CP11;Components;Road Frames;204,6251;Black;337,22;60;202,332;LL Road Frame;The LL Frame provides a safe comfortable ride while offering superior bump absorption in a value-priced aluminum frame;01/07/2018;;SP5;Be A Bike;1
259;CP;CP11;Components;Road Frames;176,1997;Black;297,6346;62;178,5808;LL Road Frame;The LL Frame provides a safe comfortable ride while offering superior bump absorption in a value-priced aluminum frame;01/07/2016;30/06/2017;SP3;Life on Wheels;1
260;CP;CP11;Components;Road Frames;170,1428;Black;306,5636;62;183,9382;LL Road Frame;The LL Frame provides a safe comfortable ride while offering superior bump absorption in a value-priced aluminum frame;01/07/2017;30/06/2018;SP4;Next Bike;0
261;CP;CP11;Components;Road Frames;204,6251;Black;337,22;62;202,332;LL Road Frame;The LL Frame provides a safe comfortable ride while offering superior bump absorption in a value-priced aluminum frame;01/07/2018;;SP7;Biker Boys Inc;0
262;CP;CP11;Components;Road Frames;181,4857;Red;306,5636;44;183,9382;LL Road Frame;The LL Frame provides a safe comfortable ride while offering superior bump absorption in a value-priced aluminum frame;01/07/2016;30/06/2017;SP7;Biker Boys Inc;0
263;CP;CP11;Components;Road Frames;187,1571;Red;337,22;44;202,332;LL Road Frame;The LL Frame provides a safe comfortable ride while offering superior bump absorption in a value-priced aluminum frame;01/07/2017;30/06/2018;SP8;Mike Bikes;0
264;CP;CP11;Components;Road Frames;181,4857;Red;306,5636;48;183,9382;LL Road Frame;The LL Frame provides a safe comfortable ride while offering superior bump absorption in a value-priced aluminum frame;01/07/2016;30/06/2017;SP2;Trackish Life;0
265;CP;CP11;Components;Road Frames;187,1571;Red;337,22;48;202,332;LL Road Frame;The LL Frame provides a safe comfortable ride while offering superior bump absorption in a value-priced aluminum frame;01/07/2017;30/06/2018;SP4;Next Bike;0
266;CP;CP11;Components;Road Frames;181,4857;Red;306,5636;52;183,9382;LL Road Frame;The LL Frame provides a safe comfortable ride while offering superior bump absorption in a value-priced aluminum frame;01/07/2016;30/06/2017;SP2;Trackish Life;0
267;CP;CP11;Components;Road Frames;187,1571;Red;337,22;52;202,332;LL Road Frame;The LL Frame provides a safe comfortable ride while offering superior bump absorption in a value-priced aluminum frame;01/07/2017;30/06/2018;SP1;Pedal For Life;0
268;CP;CP11;Components;Road Frames;181,4857;Red;306,5636;58;183,9382;LL Road Frame;The LL Frame provides a safe comfortable ride while offering superior bump absorption in a value-priced aluminum frame;01/07/2016;30/06/2017;SP5;Be A Bike;1
269;CP;CP11;Components;Road Frames;187,1571;Red;337,22;58;202,332;LL Road Frame;The LL Frame provides a safe comfortable ride while offering superior bump absorption in a value-priced aluminum frame;01/07/2017;30/06/2018;SP3;Life on Wheels;1
270;CP;CP11;Components;Road Frames;181,4857;Red;306,5636;60;183,9382;LL Road Frame;The LL Frame provides a safe comfortable ride while offering superior bump absorption in a value-priced aluminum frame;01/07/2016;30/06/2017;SP6;Alicia Bike Keys;1
271;CP;CP11;Components;Road Frames;187,1571;Red;337,22;60;202,332;LL Road Frame;The LL Frame provides a safe comfortable ride while offering superior bump absorption in a value-priced aluminum frame;01/07/2017;30/06/2018;SP4;Next Bike;0
272;CP;CP11;Components;Road Frames;181,4857;Red;306,5636;62;183,9382;LL Road Frame;The LL Frame provides a safe comfortable ride while offering superior bump absorption in a value-priced aluminum frame;01/07/2016;30/06/2017;SP1;Pedal For Life;0
273;CP;CP11;Components;Road Frames;187,1571;Red;337,22;62;202,332;LL Road Frame;The LL Frame provides a safe comfortable ride while offering superior bump absorption in a value-priced aluminum frame;01/07/2017;30/06/2018;SP8;Mike Bikes;0
274;CP;CP11;Components;Road Frames;352,1394;Red;594,83;44;356,898;ML Road Frame;Made from the same aluminum alloy as our top-of-the line HL frame the ML features a lightweight down-tube milled to the perfect diameter for optimal strength Men's version;01/07/2016;30/06/2017;SP6;Alicia Bike Keys;1
275;CP;CP11;Components;Road Frames;352,1394;Red;594,83;48;356,898;ML Road Frame;Made from the same aluminum alloy as our top-of-the line HL frame the ML features a lightweight down-tube milled to the perfect diameter for optimal strength Men's version;01/07/2016;30/06/2017;SP3;Life on Wheels;1
276;CP;CP11;Components;Road Frames;352,1394;Red;594,83;52;356,898;ML Road Frame;Made from the same aluminum alloy as our top-of-the line HL frame the ML features a lightweight down-tube milled to the perfect diameter for optimal strength Men's version;01/07/2016;30/06/2017;SP2;Trackish Life;0
277;CP;CP11;Components;Road Frames;352,1394;Red;594,83;58;356,898;ML Road Frame;Made from the same aluminum alloy as our top-of-the line HL frame the ML features a lightweight down-tube milled to the perfect diameter for optimal strength Men's version;01/07/2016;30/06/2017;SP8;Mike Bikes;0
278;CP;CP11;Components;Road Frames;352,1394;Red;594,83;60;356,898;ML Road Frame;Made from the same aluminum alloy as our top-of-the line HL frame the ML features a lightweight down-tube milled to the perfect diameter for optimal strength Men's version;01/07/2016;30/06/2017;SP4;Next Bike;0
279;CP;CP11;Components;Road Frames;176,1997;Black;297,6346;44;178,5808;LL Road Frame;The LL Frame provides a safe comfortable ride while offering superior bump absorption in a value-priced aluminum frame;01/07/2016;30/06/2017;SP2;Trackish Life;0
280;CP;CP11;Components;Road Frames;170,1428;Black;306,5636;44;183,9382;LL Road Frame;The LL Frame provides a safe comfortable ride while offering superior bump absorption in a value-priced aluminum frame;01/07/2017;30/06/2018;SP8;Mike Bikes;0
281;CP;CP11;Components;Road Frames;204,6251;Black;337,22;44;202,332;LL Road Frame;The LL Frame provides a safe comfortable ride while offering superior bump absorption in a value-priced aluminum frame;01/07/2018;;SP8;Mike Bikes;0
282;CP;CP11;Components;Road Frames;176,1997;Black;297,6346;48;178,5808;LL Road Frame;The LL Frame provides a safe comfortable ride while offering superior bump absorption in a value-priced aluminum frame;01/07/2016;30/06/2017;SP2;Trackish Life;0
283;CP;CP11;Components;Road Frames;170,1428;Black;306,5636;48;183,9382;LL Road Frame;The LL Frame provides a safe comfortable ride while offering superior bump absorption in a value-priced aluminum frame;01/07/2017;30/06/2018;SP4;Next Bike;0
284;CP;CP11;Components;Road Frames;204,6251;Black;337,22;48;202,332;LL Road Frame;The LL Frame provides a safe comfortable ride while offering superior bump absorption in a value-priced aluminum frame;01/07/2018;;SP3;Life on Wheels;1
285;CP;CP11;Components;Road Frames;176,1997;Black;297,6346;52;178,5808;LL Road Frame;The LL Frame provides a safe comfortable ride while offering superior bump absorption in a value-priced aluminum frame;01/07/2016;30/06/2017;SP7;Biker Boys Inc;0
286;CP;CP11;Components;Road Frames;170,1428;Black;306,5636;52;183,9382;LL Road Frame;The LL Frame provides a safe comfortable ride while offering superior bump absorption in a value-priced aluminum frame;01/07/2017;30/06/2018;SP5;Be A Bike;1
287;CP;CP11;Components;Road Frames;204,6251;Black;337,22;52;202,332;LL Road Frame;The LL Frame provides a safe comfortable ride while offering superior bump absorption in a value-priced aluminum frame;01/07/2018;;SP2;Trackish Life;0
288;CP;CP9;Components;Mountain Frames;623,8403;Silver;1204,3248;42;722,5949;HL Mountain Frame;Each frame is hand-crafted in our Bothell facility to the optimum diameter and wall-thickness required of a premium mountain frame The heat-treated welded aluminum frame has a larger diameter tube that absorbs the bumps;01/07/2016;30/06/2017;SP7;Biker Boys Inc;0
289;CP;CP9;Components;Mountain Frames;660,9142;Silver;1240,4545;42;744,2727;HL Mountain Frame;Each frame is hand-crafted in our Bothell facility to the optimum diameter and wall-thickness required of a premium mountain frame The heat-treated welded aluminum frame has a larger diameter tube that absorbs the bumps;01/07/2017;30/06/2018;SP3;Life on Wheels;1
290;CP;CP9;Components;Mountain Frames;747,2002;Silver;1364,5;42;818,7;HL Mountain Frame;Each frame is hand-crafted in our Bothell facility to the optimum diameter and wall-thickness required of a premium mountain frame The heat-treated welded aluminum frame has a larger diameter tube that absorbs the bumps;01/07/2018;;SP7;Biker Boys Inc;0
291;CP;CP9;Components;Mountain Frames;706,811;Silver;1364,5;44;818,7;HL Mountain Frame;Each frame is hand-crafted in our Bothell facility to the optimum diameter and wall-thickness required of a premium mountain frame The heat-treated welded aluminum frame has a larger diameter tube that absorbs the bumps;01/07/2016;30/06/2017;SP1;Pedal For Life;0
292;CP;CP9;Components;Mountain Frames;706,811;Silver;1364,5;48;818,7;HL Mountain Frame;Each frame is hand-crafted in our Bothell facility to the optimum diameter and wall-thickness required of a premium mountain frame The heat-treated welded aluminum frame has a larger diameter tube that absorbs the bumps;01/07/2016;30/06/2017;SP6;Alicia Bike Keys;1
293;CP;CP9;Components;Mountain Frames;623,8403;Silver;1204,3248;46;722,5949;HL Mountain Frame;Each frame is hand-crafted in our Bothell facility to the optimum diameter and wall-thickness required of a premium mountain frame The heat-treated welded aluminum frame has a larger diameter tube that absorbs the bumps;01/07/2016;30/06/2017;SP1;Pedal For Life;0
294;CP;CP9;Components;Mountain Frames;660,9142;Silver;1240,4545;46;744,2727;HL Mountain Frame;Each frame is hand-crafted in our Bothell facility to the optimum diameter and wall-thickness required of a premium mountain frame The heat-treated welded aluminum frame has a larger diameter tube that absorbs the bumps;01/07/2017;30/06/2018;SP4;Next Bike;0
295;CP;CP9;Components;Mountain Frames;747,2002;Silver;1364,5;46;818,7;HL Mountain Frame;Each frame is hand-crafted in our Bothell facility to the optimum diameter and wall-thickness required of a premium mountain frame The heat-treated welded aluminum frame has a larger diameter tube that absorbs the bumps;01/07/2018;;SP8;Mike Bikes;0
296;CP;CP9;Components;Mountain Frames;617,0281;Black;1191,1739;42;714,7043;HL Mountain Frame;Each frame is hand-crafted in our Bothell facility to the optimum diameter and wall-thickness required of a premium mountain frame The heat-treated welded aluminum frame has a larger diameter tube that absorbs the bumps;01/07/2016;30/06/2017;SP7;Biker Boys Inc;0
297;CP;CP9;Components;Mountain Frames;653,6971;Black;1226,9091;42;736,1455;HL Mountain Frame;Each frame is hand-crafted in our Bothell facility to the optimum diameter and wall-thickness required of a premium mountain frame The heat-treated welded aluminum frame has a larger diameter tube that absorbs the bumps;01/07/2017;30/06/2018;SP5;Be A Bike;1
298;CP;CP9;Components;Mountain Frames;739,041;Black;1349,6;42;809,76;HL Mountain Frame;Each frame is hand-crafted in our Bothell facility to the optimum diameter and wall-thickness required of a premium mountain frame The heat-treated welded aluminum frame has a larger diameter tube that absorbs the bumps;01/07/2018;;SP8;Mike Bikes;0
299;CP;CP9;Components;Mountain Frames;699,0928;Black;1349,6;44;809,76;HL Mountain Frame;Each frame is hand-crafted in our Bothell facility to the optimum diameter and wall-thickness required of a premium mountain frame The heat-treated welded aluminum frame has a larger diameter tube that absorbs the bumps;01/07/2016;30/06/2017;SP2;Trackish Life;0
300;CP;CP9;Components;Mountain Frames;699,0928;Black;1349,6;48;809,76;HL Mountain Frame;Each frame is hand-crafted in our Bothell facility to the optimum diameter and wall-thickness required of a premium mountain frame The heat-treated welded aluminum frame has a larger diameter tube that absorbs the bumps;01/07/2016;30/06/2017;SP8;Mike Bikes;0
301;CP;CP9;Components;Mountain Frames;617,0281;Black;1191,1739;46;714,7043;HL Mountain Frame;Each frame is hand-crafted in our Bothell facility to the optimum diameter and wall-thickness required of a premium mountain frame The heat-treated welded aluminum frame has a larger diameter tube that absorbs the bumps;01/07/2016;30/06/2017;SP4;Next Bike;0
302;CP;CP9;Components;Mountain Frames;653,6971;Black;1226,9091;46;736,1455;HL Mountain Frame;Each frame is hand-crafted in our Bothell facility to the optimum diameter and wall-thickness required of a premium mountain frame The heat-treated welded aluminum frame has a larger diameter tube that absorbs the bumps;01/07/2017;30/06/2018;SP8;Mike Bikes;0
303;CP;CP9;Components;Mountain Frames;739,041;Black;1349,6;46;809,76;HL Mountain Frame;Each frame is hand-crafted in our Bothell facility to the optimum diameter and wall-thickness required of a premium mountain frame The heat-treated welded aluminum frame has a larger diameter tube that absorbs the bumps;01/07/2018;;SP2;Trackish Life;0
304;CP;CP9;Components;Mountain Frames;617,0281;Black;1191,1739;38;714,7043;HL Mountain Frame;Each frame is hand-crafted in our Bothell facility to the optimum diameter and wall-thickness required of a premium mountain frame The heat-treated welded aluminum frame has a larger diameter tube that absorbs the bumps;01/07/2016;30/06/2017;SP7;Biker Boys Inc;0
305;CP;CP9;Components;Mountain Frames;653,6971;Black;1226,9091;38;736,1455;HL Mountain Frame;Each frame is hand-crafted in our Bothell facility to the optimum diameter and wall-thickness required of a premium mountain frame The heat-treated welded aluminum frame has a larger diameter tube that absorbs the bumps;01/07/2017;30/06/2018;SP3;Life on Wheels;1
306;CP;CP9;Components;Mountain Frames;739,041;Black;1349,6;38;809,76;HL Mountain Frame;Each frame is hand-crafted in our Bothell facility to the optimum diameter and wall-thickness required of a premium mountain frame The heat-treated welded aluminum frame has a larger diameter tube that absorbs the bumps;01/07/2018;;SP4;Next Bike;0
307;CP;CP9;Components;Mountain Frames;623,8403;Silver;1204,3248;38;722,5949;HL Mountain Frame;Each frame is hand-crafted in our Bothell facility to the optimum diameter and wall-thickness required of a premium mountain frame The heat-treated welded aluminum frame has a larger diameter tube that absorbs the bumps;01/07/2016;30/06/2017;SP8;Mike Bikes;0
308;CP;CP9;Components;Mountain Frames;660,9142;Silver;1240,4545;38;744,2727;HL Mountain Frame;Each frame is hand-crafted in our Bothell facility to the optimum diameter and wall-thickness required of a premium mountain frame The heat-treated welded aluminum frame has a larger diameter tube that absorbs the bumps;01/07/2017;30/06/2018;SP6;Alicia Bike Keys;1
309;CP;CP9;Components;Mountain Frames;747,2002;Silver;1364,5;38;818,7;HL Mountain Frame;Each frame is hand-crafted in our Bothell facility to the optimum diameter and wall-thickness required of a premium mountain frame The heat-treated welded aluminum frame has a larger diameter tube that absorbs the bumps;01/07/2018;;SP5;Be A Bike;1
310;BK;RBK;Bikes;Road Bikes;2171,2942;Red;3578,27;62;2146,962;Road-150;This bike is ridden by race winners Developed with the Adventure Works Cycles professional race team it has a extremely light heat-treated aluminum frame and steering that allows precision control;01/07/2016;30/06/2017;SP3;Life on Wheels;1
311;BK;RBK;Bikes;Road Bikes;2171,2942;Red;3578,27;44;2146,962;Road-150;This bike is ridden by race winners Developed with the Adventure Works Cycles professional race team it has a extremely light heat-treated aluminum frame and steering that allows precision control;01/07/2016;30/06/2017;SP3;Life on Wheels;1
312;BK;RBK;Bikes;Road Bikes;2171,2942;Red;3578,27;48;2146,962;Road-150;This bike is ridden by race winners Developed with the Adventure Works Cycles professional race team it has a extremely light heat-treated aluminum frame and steering that allows precision control;01/07/2016;30/06/2017;SP4;Next Bike;0
313;BK;RBK;Bikes;Road Bikes;2171,2942;Red;3578,27;52;2146,962;Road-150;This bike is ridden by race winners Developed with the Adventure Works Cycles professional race team it has a extremely light heat-treated aluminum frame and steering that allows precision control;01/07/2016;30/06/2017;SP1;Pedal For Life;0
314;BK;RBK;Bikes;Road Bikes;2171,2942;Red;3578,27;56;2146,962;Road-150;This bike is ridden by race winners Developed with the Adventure Works Cycles professional race team it has a extremely light heat-treated aluminum frame and steering that allows precision control;01/07/2016;30/06/2017;SP7;Biker Boys Inc;0
315;BK;RBK;Bikes;Road Bikes;884,7083;Red;1457,99;58;874,794;Road-450;A true multi-sport bike that offers streamlined riding and a revolutionary design Aerodynamic design lets you ride with the pros and the gearing will conquer hilly roads;01/07/2016;30/06/2017;SP2;Trackish Life;0
316;BK;RBK;Bikes;Road Bikes;884,7083;Red;1457,99;60;874,794;Road-450;A true multi-sport bike that offers streamlined riding and a revolutionary design Aerodynamic design lets you ride with the pros and the gearing will conquer hilly roads;01/07/2016;30/06/2017;SP4;Next Bike;0
317;BK;RBK;Bikes;Road Bikes;884,7083;Red;1457,99;44;874,794;Road-450;A true multi-sport bike that offers streamlined riding and a revolutionary design Aerodynamic design lets you ride with the pros and the gearing will conquer hilly roads;01/07/2016;30/06/2017;SP4;Next Bike;0
318;BK;RBK;Bikes;Road Bikes;884,7083;Red;1457,99;48;874,794;Road-450;A true multi-sport bike that offers streamlined riding and a revolutionary design Aerodynamic design lets you ride with the pros and the gearing will conquer hilly roads;01/07/2016;30/06/2017;SP4;Next Bike;0
319;BK;RBK;Bikes;Road Bikes;884,7083;Red;1457,99;52;874,794;Road-450;A true multi-sport bike that offers streamlined riding and a revolutionary design Aerodynamic design lets you ride with the pros and the gearing will conquer hilly roads;01/07/2016;30/06/2017;SP3;Life on Wheels;1
320;BK;RBK;Bikes;Road Bikes;413,1463;Red;699,0982;58;419,4589;Road-650;Value-priced bike with many features of our top-of-the-line models Has the same light stiff frame and the quick acceleration we're famous for;01/07/2016;30/06/2017;SP7;Biker Boys Inc;0
321;BK;RBK;Bikes;Road Bikes;486,7066;Red;782,99;58;469,794;Road-650;Value-priced bike with many features of our top-of-the-line models Has the same light stiff frame and the quick acceleration we're famous for;01/07/2017;30/06/2018;SP4;Next Bike;0
322;BK;RBK;Bikes;Road Bikes;413,1463;Red;699,0982;60;419,4589;Road-650;Value-priced bike with many features of our top-of-the-line models Has the same light stiff frame and the quick acceleration we're famous for;01/07/2016;30/06/2017;SP3;Life on Wheels;1
323;BK;RBK;Bikes;Road Bikes;486,7066;Red;782,99;60;469,794;Road-650;Value-priced bike with many features of our top-of-the-line models Has the same light stiff frame and the quick acceleration we're famous for;01/07/2017;30/06/2018;SP8;Mike Bikes;0
324;BK;RBK;Bikes;Road Bikes;413,1463;Red;699,0982;62;419,4589;Road-650;Value-priced bike with many features of our top-of-the-line models Has the same light stiff frame and the quick acceleration we're famous for;01/07/2016;30/06/2017;SP2;Trackish Life;0
325;BK;RBK;Bikes;Road Bikes;486,7066;Red;782,99;62;469,794;Road-650;Value-priced bike with many features of our top-of-the-line models Has the same light stiff frame and the quick acceleration we're famous for;01/07/2017;30/06/2018;SP8;Mike Bikes;0
326;BK;RBK;Bikes;Road Bikes;413,1463;Red;699,0982;44;419,4589;Road-650;Value-priced bike with many features of our top-of-the-line models Has the same light stiff frame and the quick acceleration we're famous for;01/07/2016;30/06/2017;SP8;Mike Bikes;0
327;BK;RBK;Bikes;Road Bikes;486,7066;Red;782,99;44;469,794;Road-650;Value-priced bike with many features of our top-of-the-line models Has the same light stiff frame and the quick acceleration we're famous for;01/07/2017;30/06/2018;SP6;Alicia Bike Keys;1
328;BK;RBK;Bikes;Road Bikes;413,1463;Red;699,0982;48;419,4589;Road-650;Value-priced bike with many features of our top-of-the-line models Has the same light stiff frame and the quick acceleration we're famous for;01/07/2016;30/06/2017;SP8;Mike Bikes;0
329;BK;RBK;Bikes;Road Bikes;486,7066;Red;782,99;48;469,794;Road-650;Value-priced bike with many features of our top-of-the-line models Has the same light stiff frame and the quick acceleration we're famous for;01/07/2017;30/06/2018;SP6;Alicia Bike Keys;1
330;BK;RBK;Bikes;Road Bikes;413,1463;Red;699,0982;52;419,4589;Road-650;Value-priced bike with many features of our top-of-the-line models Has the same light stiff frame and the quick acceleration we're famous for;01/07/2016;30/06/2017;SP6;Alicia Bike Keys;1
331;BK;RBK;Bikes;Road Bikes;486,7066;Red;782,99;52;469,794;Road-650;Value-priced bike with many features of our top-of-the-line models Has the same light stiff frame and the quick acceleration we're famous for;01/07/2017;30/06/2018;SP1;Pedal For Life;0
332;BK;RBK;Bikes;Road Bikes;413,1463;Black;699,0982;58;419,4589;Road-650;Value-priced bike with many features of our top-of-the-line models Has the same light stiff frame and the quick acceleration we're famous for;01/07/2016;30/06/2017;SP3;Life on Wheels;1
333;BK;RBK;Bikes;Road Bikes;486,7066;Black;782,99;58;469,794;Road-650;Value-priced bike with many features of our top-of-the-line models Has the same light stiff frame and the quick acceleration we're famous for;01/07/2017;30/06/2018;SP2;Trackish Life;0
334;BK;RBK;Bikes;Road Bikes;413,1463;Black;699,0982;60;419,4589;Road-650;Value-priced bike with many features of our top-of-the-line models Has the same light stiff frame and the quick acceleration we're famous for;01/07/2016;30/06/2017;SP4;Next Bike;0
335;BK;RBK;Bikes;Road Bikes;486,7066;Black;782,99;60;469,794;Road-650;Value-priced bike with many features of our top-of-the-line models Has the same light stiff frame and the quick acceleration we're famous for;01/07/2017;30/06/2018;SP2;Trackish Life;0
336;BK;RBK;Bikes;Road Bikes;413,1463;Black;699,0982;62;419,4589;Road-650;Value-priced bike with many features of our top-of-the-line models Has the same light stiff frame and the quick acceleration we're famous for;01/07/2016;30/06/2017;SP3;Life on Wheels;1
337;BK;RBK;Bikes;Road Bikes;486,7066;Black;782,99;62;469,794;Road-650;Value-priced bike with many features of our top-of-the-line models Has the same light stiff frame and the quick acceleration we're famous for;01/07/2017;30/06/2018;SP5;Be A Bike;1
338;BK;RBK;Bikes;Road Bikes;413,1463;Black;699,0982;44;419,4589;Road-650;Value-priced bike with many features of our top-of-the-line models Has the same light stiff frame and the quick acceleration we're famous for;01/07/2016;30/06/2017;SP6;Alicia Bike Keys;1
339;BK;RBK;Bikes;Road Bikes;486,7066;Black;782,99;44;469,794;Road-650;Value-priced bike with many features of our top-of-the-line models Has the same light stiff frame and the quick acceleration we're famous for;01/07/2017;30/06/2018;SP1;Pedal For Life;0
340;BK;RBK;Bikes;Road Bikes;413,1463;Black;699,0982;48;419,4589;Road-650;Value-priced bike with many features of our top-of-the-line models Has the same light stiff frame and the quick acceleration we're famous for;01/07/2016;30/06/2017;SP1;Pedal For Life;0
341;BK;RBK;Bikes;Road Bikes;486,7066;Black;782,99;48;469,794;Road-650;Value-priced bike with many features of our top-of-the-line models Has the same light stiff frame and the quick acceleration we're famous for;01/07/2017;30/06/2018;SP5;Be A Bike;1
342;BK;RBK;Bikes;Road Bikes;413,1463;Black;699,0982;52;419,4589;Road-650;Value-priced bike with many features of our top-of-the-line models Has the same light stiff frame and the quick acceleration we're famous for;01/07/2016;30/06/2017;SP3;Life on Wheels;1
343;BK;RBK;Bikes;Road Bikes;486,7066;Black;782,99;52;469,794;Road-650;Value-priced bike with many features of our top-of-the-line models Has the same light stiff frame and the quick acceleration we're famous for;01/07/2017;30/06/2018;SP5;Be A Bike;1
344;BK;MBK;Bikes;Mountain Bikes;1912,1544;Silver;3399,99;38;2039,994;Mountain-100;Top-of-the-line competition mountain bike Performance-enhancing options include the innovative HL Frame super-smooth front suspension and traction for all terrain;01/07/2016;30/06/2017;SP1;Pedal For Life;0
345;BK;MBK;Bikes;Mountain Bikes;1912,1544;Silver;3399,99;42;2039,994;Mountain-100;Top-of-the-line competition mountain bike Performance-enhancing options include the innovative HL Frame super-smooth front suspension and traction for all terrain;01/07/2016;30/06/2017;SP4;Next Bike;0
346;BK;MBK;Bikes;Mountain Bikes;1912,1544;Silver;3399,99;44;2039,994;Mountain-100;Top-of-the-line competition mountain bike Performance-enhancing options include the innovative HL Frame super-smooth front suspension and traction for all terrain;01/07/2016;30/06/2017;SP4;Next Bike;0
347;BK;MBK;Bikes;Mountain Bikes;1912,1544;Silver;3399,99;48;2039,994;Mountain-100;Top-of-the-line competition mountain bike Performance-enhancing options include the innovative HL Frame super-smooth front suspension and traction for all terrain;01/07/2016;30/06/2017;SP4;Next Bike;0
348;BK;MBK;Bikes;Mountain Bikes;1898,0944;Black;3374,99;38;2024,994;Mountain-100;Top-of-the-line competition mountain bike Performance-enhancing options include the innovative HL Frame super-smooth front suspension and traction for all terrain;01/07/2016;30/06/2017;SP2;Trackish Life;0
349;BK;MBK;Bikes;Mountain Bikes;1898,0944;Black;3374,99;42;2024,994;Mountain-100;Top-of-the-line competition mountain bike Performance-enhancing options include the innovative HL Frame super-smooth front suspension and traction for all terrain;01/07/2016;30/06/2017;SP4;Next Bike;0
350;BK;MBK;Bikes;Mountain Bikes;1898,0944;Black;3374,99;44;2024,994;Mountain-100;Top-of-the-line competition mountain bike Performance-enhancing options include the innovative HL Frame super-smooth front suspension and traction for all terrain;01/07/2016;30/06/2017;SP5;Be A Bike;1
351;BK;MBK;Bikes;Mountain Bikes;1898,0944;Black;3374,99;48;2024,994;Mountain-100;Top-of-the-line competition mountain bike Performance-enhancing options include the innovative HL Frame super-smooth front suspension and traction for all terrain;01/07/2016;30/06/2017;SP3;Life on Wheels;1
352;BK;MBK;Bikes;Mountain Bikes;1117,8559;Silver;2071,4196;38;1242,8518;Mountain-200;Serious back-country riding Perfect for all levels of competition Uses the same HL Frame as the Mountain-100;01/07/2017;30/06/2018;SP3;Life on Wheels;1
353;BK;MBK;Bikes;Mountain Bikes;1265,6195;Silver;2319,99;38;1391,994;Mountain-200;Serious back-country riding Perfect for all levels of competition Uses the same HL Frame as the Mountain-100;01/07/2018;;SP3;Life on Wheels;1
354;BK;MBK;Bikes;Mountain Bikes;1117,8559;Silver;2071,4196;42;1242,8518;Mountain-200;Serious back-country riding Perfect for all levels of competition Uses the same HL Frame as the Mountain-100;01/07/2017;30/06/2018;SP1;Pedal For Life;0
355;BK;MBK;Bikes;Mountain Bikes;1265,6195;Silver;2319,99;42;1391,994;Mountain-200;Serious back-country riding Perfect for all levels of competition Uses the same HL Frame as the Mountain-100;01/07/2018;;SP6;Alicia Bike Keys;1
356;BK;MBK;Bikes;Mountain Bikes;1117,8559;Silver;2071,4196;46;1242,8518;Mountain-200;Serious back-country riding Perfect for all levels of competition Uses the same HL Frame as the Mountain-100;01/07/2017;30/06/2018;SP3;Life on Wheels;1
357;BK;MBK;Bikes;Mountain Bikes;1265,6195;Silver;2319,99;46;1391,994;Mountain-200;Serious back-country riding Perfect for all levels of competition Uses the same HL Frame as the Mountain-100;01/07/2018;;SP8;Mike Bikes;0
358;BK;MBK;Bikes;Mountain Bikes;1105,81;Black;2049,0982;38;1229,4589;Mountain-200;Serious back-country riding Perfect for all levels of competition Uses the same HL Frame as the Mountain-100;01/07/2017;30/06/2018;SP3;Life on Wheels;1
359;BK;MBK;Bikes;Mountain Bikes;1251,9813;Black;2294,99;38;1376,994;Mountain-200;Serious back-country riding Perfect for all levels of competition Uses the same HL Frame as the Mountain-100;01/07/2018;;SP7;Biker Boys Inc;0
360;BK;MBK;Bikes;Mountain Bikes;1105,81;Black;2049,0982;42;1229,4589;Mountain-200;Serious back-country riding Perfect for all levels of competition Uses the same HL Frame as the Mountain-100;01/07/2017;30/06/2018;SP4;Next Bike;0
361;BK;MBK;Bikes;Mountain Bikes;1251,9813;Black;2294,99;42;1376,994;Mountain-200;Serious back-country riding Perfect for all levels of competition Uses the same HL Frame as the Mountain-100;01/07/2018;;SP8;Mike Bikes;0
362;BK;MBK;Bikes;Mountain Bikes;1105,81;Black;2049,0982;46;1229,4589;Mountain-200;Serious back-country riding Perfect for all levels of competition Uses the same HL Frame as the Mountain-100;01/07/2017;30/06/2018;SP8;Mike Bikes;0
363;BK;MBK;Bikes;Mountain Bikes;1251,9813;Black;2294,99;46;1376,994;Mountain-200;Serious back-country riding Perfect for all levels of competition Uses the same HL Frame as the Mountain-100;01/07/2018;;SP4;Next Bike;0
364;BK;MBK;Bikes;Mountain Bikes;598,4354;Black;1079,99;38;647,994;Mountain-300;For true trail addicts  An extremely durable bike that will go anywhere and keep you in control on challenging terrain - without breaking your budget;01/07/2017;30/06/2018;SP5;Be A Bike;1
365;BK;MBK;Bikes;Mountain Bikes;598,4354;Black;1079,99;40;647,994;Mountain-300;For true trail addicts  An extremely durable bike that will go anywhere and keep you in control on challenging terrain - without breaking your budget;01/07/2017;30/06/2018;SP5;Be A Bike;1
366;BK;MBK;Bikes;Mountain Bikes;598,4354;Black;1079,99;44;647,994;Mountain-300;For true trail addicts  An extremely durable bike that will go anywhere and keep you in control on challenging terrain - without breaking your budget;01/07/2017;30/06/2018;SP4;Next Bike;0
367;BK;MBK;Bikes;Mountain Bikes;598,4354;Black;1079,99;48;647,994;Mountain-300;For true trail addicts  An extremely durable bike that will go anywhere and keep you in control on challenging terrain - without breaking your budget;01/07/2017;30/06/2018;SP7;Biker Boys Inc;0
368;BK;RBK;Bikes;Road Bikes;1518,7864;Red;2443,35;44;1466,01;Road-250;Alluminum-alloy frame provides a light stiff ride whether you are racing in the velodrome or on a demanding club ride on country roads;01/07/2017;30/06/2018;SP3;Life on Wheels;1
369;BK;RBK;Bikes;Road Bikes;1518,7864;Red;2443,35;48;1466,01;Road-250;Alluminum-alloy frame provides a light stiff ride whether you are racing in the velodrome or on a demanding club ride on country roads;01/07/2017;30/06/2018;SP8;Mike Bikes;0
370;BK;RBK;Bikes;Road Bikes;1518,7864;Red;2443,35;52;1466,01;Road-250;Alluminum-alloy frame provides a light stiff ride whether you are racing in the velodrome or on a demanding club ride on country roads;01/07/2017;30/06/2018;SP8;Mike Bikes;0
371;BK;RBK;Bikes;Road Bikes;1320,6838;Red;2181,5625;58;1308,9375;Road-250;Alluminum-alloy frame provides a light stiff ride whether you are racing in the velodrome or on a demanding club ride on country roads;01/07/2017;30/06/2018;SP2;Trackish Life;0
372;BK;RBK;Bikes;Road Bikes;1554,9479;Red;2443,35;58;1466,01;Road-250;Alluminum-alloy frame provides a light stiff ride whether you are racing in the velodrome or on a demanding club ride on country roads;01/07/2018;;SP6;Alicia Bike Keys;1
373;BK;RBK;Bikes;Road Bikes;1320,6838;Black;2181,5625;44;1308,9375;Road-250;Alluminum-alloy frame provides a light stiff ride whether you are racing in the velodrome or on a demanding club ride on country roads;01/07/2017;30/06/2018;SP6;Alicia Bike Keys;1
374;BK;RBK;Bikes;Road Bikes;1554,9479;Black;2443,35;44;1466,01;Road-250;Alluminum-alloy frame provides a light stiff ride whether you are racing in the velodrome or on a demanding club ride on country roads;01/07/2018;;SP1;Pedal For Life;0
375;BK;RBK;Bikes;Road Bikes;1320,6838;Black;2181,5625;48;1308,9375;Road-250;Alluminum-alloy frame provides a light stiff ride whether you are racing in the velodrome or on a demanding club ride on country roads;01/07/2017;30/06/2018;SP4;Next Bike;0
376;BK;RBK;Bikes;Road Bikes;1554,9479;Black;2443,35;48;1466,01;Road-250;Alluminum-alloy frame provides a light stiff ride whether you are racing in the velodrome or on a demanding club ride on country roads;01/07/2018;;SP8;Mike Bikes;0
377;BK;RBK;Bikes;Road Bikes;1320,6838;Black;2181,5625;52;1308,9375;Road-250;Alluminum-alloy frame provides a light stiff ride whether you are racing in the velodrome or on a demanding club ride on country roads;01/07/2017;30/06/2018;SP7;Biker Boys Inc;0
378;BK;RBK;Bikes;Road Bikes;1554,9479;Black;2443,35;52;1466,01;Road-250;Alluminum-alloy frame provides a light stiff ride whether you are racing in the velodrome or on a demanding club ride on country roads;01/07/2018;;SP8;Mike Bikes;0
379;BK;RBK;Bikes;Road Bikes;1320,6838;Black;2181,5625;58;1308,9375;Road-250;Alluminum-alloy frame provides a light stiff ride whether you are racing in the velodrome or on a demanding club ride on country roads;01/07/2017;30/06/2018;SP3;Life on Wheels;1
380;BK;RBK;Bikes;Road Bikes;1554,9479;Black;2443,35;58;1466,01;Road-250;Alluminum-alloy frame provides a light stiff ride whether you are racing in the velodrome or on a demanding club ride on country roads;01/07/2018;;SP6;Alicia Bike Keys;1
381;BK;RBK;Bikes;Road Bikes;605,6492;Yellow;1000,4375;38;600,2625;Road-550-W;Same technology as all of our Road series bikes but the frame is sized for a woman  Perfect all-around bike for road or racing;01/07/2017;30/06/2018;SP3;Life on Wheels;1
382;BK;RBK;Bikes;Road Bikes;713,0798;Yellow;1120,49;38;672,294;Road-550-W;Same technology as all of our Road series bikes but the frame is sized for a woman  Perfect all-around bike for road or racing;01/07/2018;;SP7;Biker Boys Inc;0
383;BK;RBK;Bikes;Road Bikes;605,6492;Yellow;1000,4375;40;600,2625;Road-550-W;Same technology as all of our Road series bikes but the frame is sized for a woman  Perfect all-around bike for road or racing;01/07/2017;30/06/2018;SP7;Biker Boys Inc;0
384;BK;RBK;Bikes;Road Bikes;713,0798;Yellow;1120,49;40;672,294;Road-550-W;Same technology as all of our Road series bikes but the frame is sized for a woman  Perfect all-around bike for road or racing;01/07/2018;;SP5;Be A Bike;1
385;BK;RBK;Bikes;Road Bikes;605,6492;Yellow;1000,4375;42;600,2625;Road-550-W;Same technology as all of our Road series bikes but the frame is sized for a woman  Perfect all-around bike for road or racing;01/07/2017;30/06/2018;SP5;Be A Bike;1
386;BK;RBK;Bikes;Road Bikes;713,0798;Yellow;1120,49;42;672,294;Road-550-W;Same technology as all of our Road series bikes but the frame is sized for a woman  Perfect all-around bike for road or racing;01/07/2018;;SP2;Trackish Life;0
387;BK;RBK;Bikes;Road Bikes;605,6492;Yellow;1000,4375;44;600,2625;Road-550-W;Same technology as all of our Road series bikes but the frame is sized for a woman  Perfect all-around bike for road or racing;01/07/2017;30/06/2018;SP6;Alicia Bike Keys;1
388;BK;RBK;Bikes;Road Bikes;713,0798;Yellow;1120,49;44;672,294;Road-550-W;Same technology as all of our Road series bikes but the frame is sized for a woman  Perfect all-around bike for road or racing;01/07/2018;;SP3;Life on Wheels;1
389;BK;RBK;Bikes;Road Bikes;605,6492;Yellow;1000,4375;48;600,2625;Road-550-W;Same technology as all of our Road series bikes but the frame is sized for a woman  Perfect all-around bike for road or racing;01/07/2017;30/06/2018;SP6;Alicia Bike Keys;1
390;BK;RBK;Bikes;Road Bikes;713,0798;Yellow;1120,49;48;672,294;Road-550-W;Same technology as all of our Road series bikes but the frame is sized for a woman  Perfect all-around bike for road or racing;01/07/2018;;SP8;Mike Bikes;0
391;CP;CP7;Components;Forks;65,8097;;148,22;;88,932;LL Fork;Stout design absorbs shock and offers more precise steering;01/07/2017;30/06/2018;SP7;Biker Boys Inc;0
392;CP;CP7;Components;Forks;77,9176;;175,49;;105,294;ML Fork;Composite road fork with an aluminum steerer tube;01/07/2017;30/06/2018;SP1;Pedal For Life;0
393;CP;CP7;Components;Forks;101,8936;;229,49;;137,694;HL Fork;High-performance carbon road fork with curved legs;01/07/2017;30/06/2018;SP5;Be A Bike;1
394;CP;CP8;Components;Headsets;15,1848;;34,2;;20,52;LL Headset;Threadless headset provides quality at an economical price;01/07/2017;30/06/2018;SP2;Trackish Life;0
395;CP;CP8;Components;Headsets;45,4168;;102,29;;61,374;ML Headset;Sealed cartridge keeps dirt out;01/07/2017;30/06/2018;SP6;Alicia Bike Keys;1
396;CP;CP8;Components;Headsets;55,3801;;124,73;;74,838;HL Headset;"High-quality 1"" threadless headset with a grease port for quick lubrication";01/07/2017;30/06/2018;SP7;Biker Boys Inc;0
397;CP;CP1;Components;Handlebars;17,978;;40,4909;;24,2945;LL Mountain Handlebars;All-purpose bar for on or off-road;01/07/2017;30/06/2018;SP5;Be A Bike;1
398;CP;CP1;Components;Handlebars;19,7758;;44,54;;26,724;LL Mountain Handlebars;All-purpose bar for on or off-road;01/07/2018;;SP5;Be A Bike;1
399;CP;CP1;Components;Handlebars;24,9932;;56,2909;;33,7745;ML Mountain Handlebars;Tough aluminum alloy bars for downhill;01/07/2017;30/06/2018;SP2;Trackish Life;0
400;CP;CP1;Components;Handlebars;27,4925;;61,92;;37,152;ML Mountain Handlebars;Tough aluminum alloy bars for downhill;01/07/2018;;SP4;Next Bike;0
401;CP;CP1;Components;Handlebars;48,5453;;109,3364;;65,6018;HL Mountain Handlebars;Flat bar strong enough for the pro circuit;01/07/2017;30/06/2018;SP1;Pedal For Life;0
402;CP;CP1;Components;Handlebars;53,3999;;120,27;;72,162;HL Mountain Handlebars;Flat bar strong enough for the pro circuit;01/07/2018;;SP7;Biker Boys Inc;0
403;CP;CP1;Components;Handlebars;17,978;;40,4909;;24,2945;LL Road Handlebars;Unique shape provides easier reach to the levers;01/07/2017;30/06/2018;SP4;Next Bike;0
404;CP;CP1;Components;Handlebars;19,7758;;44,54;;26,724;LL Road Handlebars;Unique shape provides easier reach to the levers;01/07/2018;;SP1;Pedal For Life;0
405;CP;CP1;Components;Handlebars;24,9932;;56,2909;;33,7745;ML Road Handlebars;Anatomically shaped aluminum tube bar will suit all riders;01/07/2017;30/06/2018;SP5;Be A Bike;1
406;CP;CP1;Components;Handlebars;27,4925;;61,92;;37,152;ML Road Handlebars;Anatomically shaped aluminum tube bar will suit all riders;01/07/2018;;SP5;Be A Bike;1
407;CP;CP1;Components;Handlebars;48,5453;;109,3364;;65,6018;HL Road Handlebars;Designed for racers high-end anatomically shaped bar from aluminum alloy;01/07/2017;30/06/2018;SP3;Life on Wheels;1
408;CP;CP1;Components;Handlebars;53,3999;;120,27;;72,162;HL Road Handlebars;Designed for racers high-end anatomically shaped bar from aluminum alloy;01/07/2018;;SP3;Life on Wheels;1
409;CP;CP9;Components;Mountain Frames;185,8193;Black;348,76;38;209,256;ML Mountain Frame-W;The ML frame is a heat-treated aluminum frame made with the same detail and quality as our HL frame It offers superior performance Men's version;01/07/2017;30/06/2018;SP5;Be A Bike;1
410;CP;CP14;Components;Wheels;26,9708;Black;60,745;;36,447;LL Mountain Front Wheel;Replacement mountain wheel for entry-level rider;01/07/2017;30/06/2018;SP6;Alicia Bike Keys;1
411;CP;CP14;Components;Wheels;92,8071;Black;209,025;;125,415;ML Mountain Front Wheel;Replacement mountain wheel for the casual to serious rider;01/07/2017;30/06/2018;SP2;Trackish Life;0
412;CP;CP14;Components;Wheels;133,2955;Black;300,215;;180,129;HL Mountain Front Wheel;High-performance mountain replacement wheel;01/07/2017;30/06/2018;SP8;Mike Bikes;0
413;CP;CP14;Components;Wheels;37,9909;Black;85,565;;51,339;LL Road Front Wheel;Replacement road front wheel for entry-level cyclist;01/07/2017;30/06/2018;SP4;Next Bike;0
414;CP;CP14;Components;Wheels;110,2829;Black;248,385;;149,031;ML Road Front Wheel;Sturdy alloy features a quick-release hub;01/07/2017;30/06/2018;SP5;Be A Bike;1
415;CP;CP14;Components;Wheels;146,5466;Black;330,06;;198,036;HL Road Front Wheel;Strong wheel with double-walled rim;01/07/2017;30/06/2018;SP1;Pedal For Life;0
416;CP;CP14;Components;Wheels;96,7964;Black;218,01;;130,806;Touring Front Wheel;Aerodynamic rims for smooth riding;01/07/2017;30/06/2018;SP4;Next Bike;0
417;CP;CP11;Components;Road Frames;300,1188;Yellow;540,7545;38;324,4527;ML Road Frame-W;Made from the same aluminum alloy as our top-of-the line HL frame the ML features a lightweight down-tube milled to the perfect diameter for optimal strength Women's version;01/07/2017;30/06/2018;SP6;Alicia Bike Keys;1
418;CP;CP11;Components;Road Frames;360,9428;Yellow;594,83;38;356,898;ML Road Frame-W;Made from the same aluminum alloy as our top-of-the line HL frame the ML features a lightweight down-tube milled to the perfect diameter for optimal strength Women's version;01/07/2018;;SP3;Life on Wheels;1
419;CP;CP14;Components;Wheels;38,9588;Black;87,745;;52,647;LL Mountain Rear Wheel;Replacement mountain wheel for entry-level rider;01/07/2017;30/06/2018;SP4;Next Bike;0
420;CP;CP14;Components;Wheels;104,7951;Black;236,025;;141,615;ML Mountain Rear Wheel;Replacement mountain wheel for the casual to serious rider;01/07/2017;30/06/2018;SP8;Mike Bikes;0
421;CP;CP14;Components;Wheels;145,2835;Black;327,215;;196,329;HL Mountain Rear Wheel;High-performance mountain replacement wheel;01/07/2017;30/06/2018;SP1;Pedal For Life;0
422;CP;CP14;Components;Wheels;49,9789;Black;112,565;;67,539;LL Road Rear Wheel;Replacement road rear wheel for entry-level cyclist;01/07/2017;30/06/2018;SP1;Pedal For Life;0
423;CP;CP14;Components;Wheels;122,2709;Black;275,385;;165,231;ML Road Rear Wheel;Aluminum alloy rim with stainless steel spokes built for speed;01/07/2017;30/06/2018;SP1;Pedal For Life;0
424;CP;CP14;Components;Wheels;158,5346;Black;357,06;;214,236;HL Road Rear Wheel;Strong rear wheel with double-walled rim;01/07/2017;30/06/2018;SP3;Life on Wheels;1
425;CP;CP14;Components;Wheels;108,7844;Black;245,01;;147,006;Touring Rear Wheel;Excellent aerodynamic rims guarantee a smooth ride;01/07/2017;30/06/2018;SP1;Pedal For Life;0
426;CP;CP9;Components;Mountain Frames;185,8193;Black;348,76;40;209,256;ML Mountain Frame;The ML frame is a heat-treated aluminum frame made with the same detail and quality as our HL frame It offers superior performance Women's version;01/07/2017;30/06/2018;SP3;Life on Wheels;1
427;CP;CP9;Components;Mountain Frames;185,8193;Black;348,76;44;209,256;ML Mountain Frame;The ML frame is a heat-treated aluminum frame made with the same detail and quality as our HL frame It offers superior performance Women's version;01/07/2017;30/06/2018;SP3;Life on Wheels;1
428;CP;CP9;Components;Mountain Frames;185,8193;Black;348,76;48;209,256;ML Mountain Frame;The ML frame is a heat-treated aluminum frame made with the same detail and quality as our HL frame It offers superior performance Women's version;01/07/2017;30/06/2018;SP3;Life on Wheels;1
429;CP;CP11;Components;Road Frames;300,1188;Yellow;540,7545;40;324,4527;ML Road Frame-W;Made from the same aluminum alloy as our top-of-the line HL frame the ML features a lightweight down-tube milled to the perfect diameter for optimal strength Women's version;01/07/2017;30/06/2018;SP4;Next Bike;0
430;CP;CP11;Components;Road Frames;360,9428;Yellow;594,83;40;356,898;ML Road Frame-W;Made from the same aluminum alloy as our top-of-the line HL frame the ML features a lightweight down-tube milled to the perfect diameter for optimal strength Women's version;01/07/2018;;SP3;Life on Wheels;1
431;CP;CP11;Components;Road Frames;300,1188;Yellow;540,7545;42;324,4527;ML Road Frame-W;Made from the same aluminum alloy as our top-of-the line HL frame the ML features a lightweight down-tube milled to the perfect diameter for optimal strength Women's version;01/07/2017;30/06/2018;SP4;Next Bike;0
432;CP;CP11;Components;Road Frames;360,9428;Yellow;594,83;42;356,898;ML Road Frame-W;Made from the same aluminum alloy as our top-of-the line HL frame the ML features a lightweight down-tube milled to the perfect diameter for optimal strength Women's version;01/07/2018;;SP1;Pedal For Life;0
433;CP;CP11;Components;Road Frames;300,1188;Yellow;540,7545;44;324,4527;ML Road Frame-W;Made from the same aluminum alloy as our top-of-the line HL frame the ML features a lightweight down-tube milled to the perfect diameter for optimal strength Women's version;01/07/2017;30/06/2018;SP7;Biker Boys Inc;0
434;CP;CP11;Components;Road Frames;360,9428;Yellow;594,83;44;356,898;ML Road Frame-W;Made from the same aluminum alloy as our top-of-the line HL frame the ML features a lightweight down-tube milled to the perfect diameter for optimal strength Women's version;01/07/2018;;SP6;Alicia Bike Keys;1
435;CP;CP11;Components;Road Frames;300,1188;Yellow;540,7545;48;324,4527;ML Road Frame-W;Made from the same aluminum alloy as our top-of-the line HL frame the ML features a lightweight down-tube milled to the perfect diameter for optimal strength Women's version;01/07/2017;30/06/2018;SP4;Next Bike;0
436;CP;CP11;Components;Road Frames;360,9428;Yellow;594,83;48;356,898;ML Road Frame-W;Made from the same aluminum alloy as our top-of-the line HL frame the ML features a lightweight down-tube milled to the perfect diameter for optimal strength Women's version;01/07/2018;;SP6;Alicia Bike Keys;1
437;CP;CP11;Components;Road Frames;722,2568;Black;1301,3636;62;780,8182;HL Road Frame;Our lightest and best quality aluminum frame made from the newest alloy it is welded and heat-treated for strength Our innovative design results in maximum comfort and performance;01/07/2017;30/06/2018;SP4;Next Bike;0
438;CP;CP11;Components;Road Frames;868,6342;Black;1431,5;62;858,9;HL Road Frame;Our lightest and best quality aluminum frame made from the newest alloy it is welded and heat-treated for strength Our innovative design results in maximum comfort and performance;01/07/2018;;SP6;Alicia Bike Keys;1
439;CP;CP11;Components;Road Frames;722,2568;Black;1301,3636;44;780,8182;HL Road Frame;Our lightest and best quality aluminum frame made from the newest alloy it is welded and heat-treated for strength Our innovative design results in maximum comfort and performance;01/07/2017;30/06/2018;SP2;Trackish Life;0
440;CP;CP11;Components;Road Frames;868,6342;Black;1431,5;44;858,9;HL Road Frame;Our lightest and best quality aluminum frame made from the newest alloy it is welded and heat-treated for strength Our innovative design results in maximum comfort and performance;01/07/2018;;SP8;Mike Bikes;0
441;CP;CP11;Components;Road Frames;722,2568;Black;1301,3636;48;780,8182;HL Road Frame;Our lightest and best quality aluminum frame made from the newest alloy it is welded and heat-treated for strength Our innovative design results in maximum comfort and performance;01/07/2017;30/06/2018;SP4;Next Bike;0
442;CP;CP11;Components;Road Frames;868,6342;Black;1431,5;48;858,9;HL Road Frame;Our lightest and best quality aluminum frame made from the newest alloy it is welded and heat-treated for strength Our innovative design results in maximum comfort and performance;01/07/2018;;SP7;Biker Boys Inc;0
443;CP;CP11;Components;Road Frames;722,2568;Black;1301,3636;52;780,8182;HL Road Frame;Our lightest and best quality aluminum frame made from the newest alloy it is welded and heat-treated for strength Our innovative design results in maximum comfort and performance;01/07/2017;30/06/2018;SP2;Trackish Life;0
444;CP;CP11;Components;Road Frames;868,6342;Black;1431,5;52;858,9;HL Road Frame;Our lightest and best quality aluminum frame made from the newest alloy it is welded and heat-treated for strength Our innovative design results in maximum comfort and performance;01/07/2018;;SP8;Mike Bikes;0
445;CH;CH5;Clothing;Shorts;24,7459;Black;59,99;;35,994;Men's Sports Shorts;Men's 8-panel racing shorts - lycra with an elastic waistband and leg grippers;01/07/2017;30/06/2018;SP2;Trackish Life;0
446;ACC;ACC10;Accessories;Panniers;51,5625;Grey;125;;75;Touring-Panniers;Durable water-proof nylon construction with easy access Large enough for weekend trips;01/07/2017;30/06/2018;SP1;Pedal For Life;0
447;ACC;ACC9;Accessories;Locks;10,3125;;25;;15;Cable Lock;Wraps to fit front and rear tires carrier and 2 keys included;01/07/2017;30/06/2018;SP2;Trackish Life;0
448;ACC;ACC11;Accessories;Pumps;8,2459;;19,99;;11,994;Minipump;Designed for convenience Fits in your pocket Aluminum barrel 160psi rated;01/07/2017;30/06/2018;SP4;Next Bike;0
449;ACC;ACC11;Accessories;Pumps;10,3084;;24,99;;14,994;Mountain Pump;Simple and light-weight Emergency patches stored in handle;01/07/2017;30/06/2018;SP7;Biker Boys Inc;0
450;ACC;ACC8;Accessories;Lights;5,7709;;13,99;;8,394;Taillight;Affordable light for safe night riding - uses 3 AAA batteries;01/07/2017;30/06/2018;SP7;Biker Boys Inc;0
451;ACC;ACC8;Accessories;Lights;14,4334;;34,99;;20,994;Headlights - Dual-Beam;Rechargeable dual-beam headlight;01/07/2017;30/06/2018;SP7;Biker Boys Inc;0
452;ACC;ACC8;Accessories;Lights;18,5584;;44,99;;26,994;Headlights - Weatherproof;Rugged weatherproof headlight;01/07/2017;30/06/2018;SP7;Biker Boys Inc;0
453;CH;CH5;Clothing;Shorts;24,7459;Black;59,99;;35,994;Men's Sports Shorts;Men's 8-panel racing shorts - lycra with an elastic waistband and leg grippers;01/07/2017;30/06/2018;SP6;Alicia Bike Keys;1
454;CH;CH5;Clothing;Shorts;24,7459;Black;59,99;;35,994;Men's Sports Shorts;Men's 8-panel racing shorts - lycra with an elastic waistband and leg grippers;01/07/2017;30/06/2018;SP4;Next Bike;0
455;CH;CH5;Clothing;Shorts;24,7459;Black;59,99;;35,994;Men's Sports Shorts;Men's 8-panel racing shorts - lycra with an elastic waistband and leg grippers;01/07/2017;30/06/2018;SP3;Life on Wheels;1
456;CH;CH7;Clothing;Tights;30,9334;Black;74,99;;44,994;Women's Tights;Warm spandex tights for winter riding seamless chamois construction eliminates pressure points;01/07/2017;30/06/2018;SP3;Life on Wheels;1
457;CH;CH7;Clothing;Tights;30,9334;Black;74,99;;44,994;Women's Tights;Warm spandex tights for winter riding seamless chamois construction eliminates pressure points;01/07/2017;30/06/2018;SP8;Mike Bikes;0
458;CH;CH7;Clothing;Tights;30,9334;Black;74,99;;44,994;Women's Tights;Warm spandex tights for winter riding seamless chamois construction eliminates pressure points;01/07/2017;30/06/2018;SP5;Be A Bike;1
459;CH;CH1;Clothing;Bib-Shorts;37,1209;Multi;89,99;;53,994;Men's Bib-Shorts;Designed for the AWC team with stay-put straps moisture-control chamois padding and leg grippers;01/07/2017;30/06/2018;SP3;Life on Wheels;1
460;CH;CH1;Clothing;Bib-Shorts;37,1209;Multi;89,99;;53,994;Men's Bib-Shorts;Designed for the AWC team with stay-put straps moisture-control chamois padding and leg grippers;01/07/2017;30/06/2018;SP8;Mike Bikes;0
461;CH;CH1;Clothing;Bib-Shorts;37,1209;Multi;89,99;;53,994;Men's Bib-Shorts;Designed for the AWC team with stay-put straps moisture-control chamois padding and leg grippers;01/07/2017;30/06/2018;SP8;Mike Bikes;0
462;CH;CH3;Clothing;Gloves;9,7136;Black;23,5481;;14,1289;Half-Finger Gloves;Full padding improved finger flex durable palm adjustable closure;01/07/2017;30/06/2018;SP3;Life on Wheels;1
463;CH;CH3;Clothing;Gloves;9,1593;Black;24,49;;14,694;Half-Finger Gloves;Full padding improved finger flex durable palm adjustable closure;01/07/2018;;SP8;Mike Bikes;0
464;CH;CH3;Clothing;Gloves;9,7136;Black;23,5481;;14,1289;Half-Finger Gloves;Full padding improved finger flex durable palm adjustable closure;01/07/2017;30/06/2018;SP4;Next Bike;0
465;CH;CH3;Clothing;Gloves;9,1593;Black;24,49;;14,694;Half-Finger Gloves;Full padding improved finger flex durable palm adjustable closure;01/07/2018;;SP4;Next Bike;0
466;CH;CH3;Clothing;Gloves;9,7136;Black;23,5481;;14,1289;Half-Finger Gloves;Full padding improved finger flex durable palm adjustable closure;01/07/2017;30/06/2018;SP2;Trackish Life;0
467;CH;CH3;Clothing;Gloves;9,1593;Black;24,49;;14,694;Half-Finger Gloves;Full padding improved finger flex durable palm adjustable closure;01/07/2018;;SP1;Pedal For Life;0
468;CH;CH3;Clothing;Gloves;15,6709;Black;37,99;;22,794;Full-Finger Gloves;Synthetic palm flexible knuckles breathable mesh upper Worn by the AWC team riders;01/07/2017;30/06/2018;SP2;Trackish Life;0
469;CH;CH3;Clothing;Gloves;15,6709;Black;37,99;;22,794;Full-Finger Gloves;Synthetic palm flexible knuckles breathable mesh upper Worn by the AWC team riders;01/07/2017;30/06/2018;SP6;Alicia Bike Keys;1
470;CH;CH3;Clothing;Gloves;15,6709;Black;37,99;;22,794;Full-Finger Gloves;Synthetic palm flexible knuckles breathable mesh upper Worn by the AWC team riders;01/07/2017;30/06/2018;SP8;Mike Bikes;0
471;CH;CH8;Clothing;Vests;23,749;Blue;63,5;;38,1;Classic Vest;Light-weight wind-resistant packs to fit into a pocket;01/07/2018;;SP2;Trackish Life;0
472;CH;CH8;Clothing;Vests;23,749;Blue;63,5;;38,1;Classic Vest;Light-weight wind-resistant packs to fit into a pocket;01/07/2018;;SP2;Trackish Life;0
473;CH;CH8;Clothing;Vests;23,749;Blue;63,5;;38,1;Classic Vest;Light-weight wind-resistant packs to fit into a pocket;01/07/2018;;SP5;Be A Bike;1
474;CH;CH5;Clothing;Shorts;26,1763;Black;69,99;;41,994;Women's Mountain Shorts;Heavy duty abrasion-resistant shorts feature seamless lycra inner shorts with anti-bacterial chamois for comfort;01/07/2018;;SP3;Life on Wheels;1
475;CH;CH5;Clothing;Shorts;26,1763;Black;69,99;;41,994;Women's Mountain Shorts;Heavy duty abrasion-resistant shorts feature seamless lycra inner shorts with anti-bacterial chamois for comfort;01/07/2018;;SP2;Trackish Life;0
476;CH;CH5;Clothing;Shorts;26,1763;Black;69,99;;41,994;Women's Mountain Shorts;Heavy duty abrasion-resistant shorts feature seamless lycra inner shorts with anti-bacterial chamois for comfort;01/07/2018;;SP2;Trackish Life;0
477;ACC;ACC3;Accessories;Bottles and Cages;1,8663;;4,99;;2,994;Water Bottle;AWC logo water bottle - holds 30 oz leak-proof;01/07/2018;;SP8;Mike Bikes;0
478;ACC;ACC3;Accessories;Bottles and Cages;3,7363;;9,99;;5,994;Mountain Bottle Cage;Tough aluminum cage holds bottle securly on tough terrain;01/07/2018;;SP8;Mike Bikes;0
479;ACC;ACC3;Accessories;Bottles and Cages;3,3623;;8,99;;5,394;Road Bottle Cage;Aluminum cage is lighter than our mountain version perfect for long distance trips;01/07/2018;;SP4;Next Bike;0
480;ACC;ACC12;Accessories;Tires and Tubes;0,8565;;2,29;;1,374;Patch kit;Includes 8 different size patches glue and sandpaper;01/07/2018;;SP6;Alicia Bike Keys;1
481;CH;CH6;Clothing;Socks;3,3623;White;8,99;;5,394;Racing Socks;Thin lightweight and durable with cuffs that stay up;01/07/2018;;SP3;Life on Wheels;1
482;CH;CH6;Clothing;Socks;3,3623;White;8,99;;5,394;Racing Socks;Thin lightweight and durable with cuffs that stay up;01/07/2018;;SP2;Trackish Life;0
483;ACC;ACC1;Accessories;Bike Racks;44,88;;120;;72;Hitch Rack - 4-Bike;"Carries 4 bikes securely steel construction fits 2"" receiver hitch";01/07/2018;;SP3;Life on Wheels;1
484;ACC;ACC4;Accessories;Cleaners;2,9733;;7,95;;4,77;Bike Wash;Washes off the toughest road grime dissolves grease environmentally safe 1-liter bottle;01/07/2018;;SP8;Mike Bikes;0
485;ACC;ACC5;Accessories;Fenders;8,2205;;21,98;;13,188;Fender Set - Mountain;Clip-on fenders fit most mountain bikes;01/07/2018;;SP3;Life on Wheels;1
486;ACC;ACC2;Accessories;Bike Stands;59,466;;159;;95,4;All-Purpose Bike Stand;Perfect all-purpose bike stand for working on your bike at home Quick-adjusting clamps and steel construction;01/07/2018;;SP5;Be A Bike;1
487;ACC;ACC7;Accessories;Hydration Packs;20,5663;Silver;54,99;70;32,994;Hydration Pack;Versatile 70 oz hydration pack offers extra storage easy-fill access and a waist belt;01/07/2018;;SP2;Trackish Life;0
488;CH;CH4;Clothing;Jerseys;41,5723;Yellow;53,99;;32,394;Short-Sleeve Classic Jersey;Short sleeve classic breathable jersey with superior moisture control front zipper and 3 back pockets;01/07/2018;;SP2;Trackish Life;0
489;CH;CH4;Clothing;Jerseys;41,5723;Yellow;53,99;;32,394;Short-Sleeve Classic Jersey;Short sleeve classic breathable jersey with superior moisture control front zipper and 3 back pockets;01/07/2018;;SP1;Pedal For Life;0
490;CH;CH4;Clothing;Jerseys;41,5723;Yellow;53,99;;32,394;Short-Sleeve Classic Jersey;Short sleeve classic breathable jersey with superior moisture control front zipper and 3 back pockets;01/07/2018;;SP7;Biker Boys Inc;0
491;CH;CH4;Clothing;Jerseys;41,5723;Yellow;53,99;;32,394;Short-Sleeve Classic Jersey;Short sleeve classic breathable jersey with superior moisture control front zipper and 3 back pockets;01/07/2018;;SP1;Pedal For Life;0
492;CP;CP13;Components;Touring Frames;601,7437;Yellow;1003,91;60;602,346;HL Touring Frame;The HL aluminum frame is custom-shaped for both good looks and strength it will withstand the most rigorous challenges of daily riding Men's version;01/07/2018;;SP7;Biker Boys Inc;0
493;CP;CP13;Components;Touring Frames;199,8519;Yellow;333,42;62;200,052;LL Touring Frame;Lightweight butted aluminum frame provides a more upright riding position for a trip around town  Our ground-breaking design provides optimum comfort;01/07/2018;;SP2;Trackish Life;0
494;CP;CP13;Components;Touring Frames;601,7437;Yellow;1003,91;46;602,346;HL Touring Frame;The HL aluminum frame is custom-shaped for both good looks and strength it will withstand the most rigorous challenges of daily riding Men's version;01/07/2018;;SP7;Biker Boys Inc;0
495;CP;CP13;Components;Touring Frames;601,7437;Yellow;1003,91;50;602,346;HL Touring Frame;The HL aluminum frame is custom-shaped for both good looks and strength it will withstand the most rigorous challenges of daily riding Men's version;01/07/2018;;SP2;Trackish Life;0
496;CP;CP13;Components;Touring Frames;601,7437;Yellow;1003,91;54;602,346;HL Touring Frame;The HL aluminum frame is custom-shaped for both good looks and strength it will withstand the most rigorous challenges of daily riding Men's version;01/07/2018;;SP5;Be A Bike;1
497;CP;CP13;Components;Touring Frames;601,7437;Blue;1003,91;46;602,346;HL Touring Frame;The HL aluminum frame is custom-shaped for both good looks and strength it will withstand the most rigorous challenges of daily riding Men's version;01/07/2018;;SP5;Be A Bike;1
498;CP;CP13;Components;Touring Frames;601,7437;Blue;1003,91;50;602,346;HL Touring Frame;The HL aluminum frame is custom-shaped for both good looks and strength it will withstand the most rigorous challenges of daily riding Men's version;01/07/2018;;SP1;Pedal For Life;0
499;CP;CP13;Components;Touring Frames;601,7437;Blue;1003,91;54;602,346;HL Touring Frame;The HL aluminum frame is custom-shaped for both good looks and strength it will withstand the most rigorous challenges of daily riding Men's version;01/07/2018;;SP7;Biker Boys Inc;0
500;CP;CP13;Components;Touring Frames;601,7437;Blue;1003,91;60;602,346;HL Touring Frame;The HL aluminum frame is custom-shaped for both good looks and strength it will withstand the most rigorous challenges of daily riding Men's version;01/07/2018;;SP6;Alicia Bike Keys;1
501;CP;CP6;Components;Derailleurs;53,9282;Silver;121,46;;72,876;Rear Derailleur;Wide-link design;01/07/2018;;SP1;Pedal For Life;0
502;CP;CP13;Components;Touring Frames;199,8519;Blue;333,42;50;200,052;LL Touring Frame;Lightweight butted aluminum frame provides a more upright riding position for a trip around town  Our ground-breaking design provides optimum comfort;01/07/2018;;SP2;Trackish Life;0
503;CP;CP13;Components;Touring Frames;199,8519;Blue;333,42;54;200,052;LL Touring Frame;Lightweight butted aluminum frame provides a more upright riding position for a trip around town  Our ground-breaking design provides optimum comfort;01/07/2018;;SP5;Be A Bike;1
504;CP;CP13;Components;Touring Frames;199,8519;Blue;333,42;58;200,052;LL Touring Frame;Lightweight butted aluminum frame provides a more upright riding position for a trip around town  Our ground-breaking design provides optimum comfort;01/07/2018;;SP6;Alicia Bike Keys;1
505;CP;CP13;Components;Touring Frames;199,8519;Blue;333,42;62;200,052;LL Touring Frame;Lightweight butted aluminum frame provides a more upright riding position for a trip around town  Our ground-breaking design provides optimum comfort;01/07/2018;;SP3;Life on Wheels;1
506;CP;CP13;Components;Touring Frames;199,8519;Yellow;333,42;44;200,052;LL Touring Frame;Lightweight butted aluminum frame provides a more upright riding position for a trip around town  Our ground-breaking design provides optimum comfort;01/07/2018;;SP6;Alicia Bike Keys;1
507;CP;CP13;Components;Touring Frames;199,8519;Yellow;333,42;50;200,052;LL Touring Frame;Lightweight butted aluminum frame provides a more upright riding position for a trip around town  Our ground-breaking design provides optimum comfort;01/07/2018;;SP7;Biker Boys Inc;0
508;CP;CP13;Components;Touring Frames;199,8519;Yellow;333,42;54;200,052;LL Touring Frame;Lightweight butted aluminum frame provides a more upright riding position for a trip around town  Our ground-breaking design provides optimum comfort;01/07/2018;;SP1;Pedal For Life;0
509;CP;CP13;Components;Touring Frames;199,8519;Yellow;333,42;58;200,052;LL Touring Frame;Lightweight butted aluminum frame provides a more upright riding position for a trip around town  Our ground-breaking design provides optimum comfort;01/07/2018;;SP7;Biker Boys Inc;0
510;CP;CP13;Components;Touring Frames;199,8519;Blue;333,42;44;200,052;LL Touring Frame;Lightweight butted aluminum frame provides a more upright riding position for a trip around town  Our ground-breaking design provides optimum comfort;01/07/2018;;SP8;Mike Bikes;0
511;CP;CP9;Components;Mountain Frames;199,3757;Silver;364,09;40;218,454;ML Mountain Frame-W;The ML frame is a heat-treated aluminum frame made with the same detail and quality as our HL frame It offers superior performance Men's version;01/07/2018;;SP3;Life on Wheels;1
512;CP;CP9;Components;Mountain Frames;199,3757;Silver;364,09;42;218,454;ML Mountain Frame-W;The ML frame is a heat-treated aluminum frame made with the same detail and quality as our HL frame It offers superior performance Men's version;01/07/2018;;SP5;Be A Bike;1
513;CP;CP9;Components;Mountain Frames;199,3757;Silver;364,09;46;218,454;ML Mountain Frame-W;The ML frame is a heat-treated aluminum frame made with the same detail and quality as our HL frame It offers superior performance Men's version;01/07/2018;;SP4;Next Bike;0
514;CP;CP3;Components;Brakes;47,286;Silver;106,5;;63,9;Rear Brakes;Rear brakes for mountain-bikes;01/07/2018;;SP2;Trackish Life;0
515;CP;CP12;Components;Saddles;12,0413;;27,12;;16,272;LL Mountain Seat/Saddle 2;Synthetic leather Features gel for increased comfort;01/07/2018;;SP4;Next Bike;0
516;CP;CP12;Components;Saddles;17,3782;;39,14;;23,484;ML Mountain Seat/Saddle 2;Designed to absorb shock;01/07/2018;;SP2;Trackish Life;0
517;CP;CP12;Components;Saddles;23,3722;;52,64;;31,584;HL Mountain Seat/Saddle 2;Anatomic design for a full-day of riding in comfort Durable leather;01/07/2018;;SP7;Biker Boys Inc;0
518;CP;CP12;Components;Saddles;12,0413;;27,12;;16,272;LL Road Seat/Saddle 1;Lightweight foam-padded saddle;01/07/2018;;SP3;Life on Wheels;1
519;CP;CP12;Components;Saddles;17,3782;;39,14;;23,484;ML Road Seat/Saddle 2;Rubber bumpers absorb bumps;01/07/2018;;SP4;Next Bike;0
520;CP;CP12;Components;Saddles;23,3722;;52,64;;31,584;HL Road Seat/Saddle 2;Lightweight kevlar racing saddle Leather;01/07/2018;;SP3;Life on Wheels;1
521;CP;CP12;Components;Saddles;12,0413;;27,12;;16,272;LL Touring Seat/Saddle;Comfortable ergonomically shaped gel saddle;01/07/2018;;SP6;Alicia Bike Keys;1
522;CP;CP12;Components;Saddles;17,3782;;39,14;;23,484;ML Touring Seat/Saddle;New design relieves pressure for long rides;01/07/2018;;SP3;Life on Wheels;1
523;CP;CP12;Components;Saddles;23,3722;;52,64;;31,584;HL Touring Seat/Saddle;Cut-out shell for a more comfortable ride;01/07/2018;;SP1;Pedal For Life;0
524;CP;CP9;Components;Mountain Frames;144,5938;Silver;264,05;42;158,43;LL Mountain Frame;Our best value utilizing the same ground-breaking frame technology as the ML aluminum frame;01/07/2018;;SP8;Mike Bikes;0
525;CP;CP9;Components;Mountain Frames;144,5938;Silver;264,05;44;158,43;LL Mountain Frame;Our best value utilizing the same ground-breaking frame technology as the ML aluminum frame;01/07/2018;;SP3;Life on Wheels;1
526;CP;CP9;Components;Mountain Frames;144,5938;Silver;264,05;48;158,43;LL Mountain Frame;Our best value utilizing the same ground-breaking frame technology as the ML aluminum frame;01/07/2018;;SP8;Mike Bikes;0
527;CP;CP9;Components;Mountain Frames;144,5938;Silver;264,05;52;158,43;LL Mountain Frame;Our best value utilizing the same ground-breaking frame technology as the ML aluminum frame;01/07/2018;;SP8;Mike Bikes;0
528;ACC;ACC12;Accessories;Tires and Tubes;1,8663;;4,99;;2,994;Mountain Tire Tube;Self-sealing tube;01/07/2018;;SP5;Be A Bike;1
529;ACC;ACC12;Accessories;Tires and Tubes;1,4923;;3,99;;2,394;Road Tire Tube;Conventional all-purpose tube;01/07/2018;;SP6;Alicia Bike Keys;1
530;ACC;ACC12;Accessories;Tires and Tubes;1,8663;;4,99;;2,994;Touring Tire Tube;General purpose tube;01/07/2018;;SP7;Biker Boys Inc;0
531;CP;CP9;Components;Mountain Frames;136,785;Black;249,79;42;149,874;LL Mountain Frame;Our best value utilizing the same ground-breaking frame technology as the ML aluminum frame;01/07/2018;;SP4;Next Bike;0
532;CP;CP9;Components;Mountain Frames;136,785;Black;249,79;44;149,874;LL Mountain Frame;Our best value utilizing the same ground-breaking frame technology as the ML aluminum frame;01/07/2018;;SP8;Mike Bikes;0
533;CP;CP9;Components;Mountain Frames;136,785;Black;249,79;48;149,874;LL Mountain Frame;Our best value utilizing the same ground-breaking frame technology as the ML aluminum frame;01/07/2018;;SP2;Trackish Life;0
534;CP;CP9;Components;Mountain Frames;136,785;Black;249,79;52;149,874;LL Mountain Frame;Our best value utilizing the same ground-breaking frame technology as the ML aluminum frame;01/07/2018;;SP8;Mike Bikes;0
535;ACC;ACC12;Accessories;Tires and Tubes;9,3463;;24,99;;14,994;LL Mountain Tire;Comparible traction less expensive wire bead casing;01/07/2018;;SP3;Life on Wheels;1
536;ACC;ACC12;Accessories;Tires and Tubes;11,2163;;29,99;;17,994;ML Mountain Tire;Great traction high-density rubber;01/07/2018;;SP2;Trackish Life;0
537;ACC;ACC12;Accessories;Tires and Tubes;13,09;;35;;21;HL Mountain Tire;Incredible traction lightweight carbon reinforced;01/07/2018;;SP2;Trackish Life;0
538;ACC;ACC12;Accessories;Tires and Tubes;8,0373;;21,49;;12,894;LL Road Tire;Same great treads as more expensive tire with a less expensive wire bead casing;01/07/2018;;SP8;Mike Bikes;0
539;ACC;ACC12;Accessories;Tires and Tubes;9,3463;;24,99;;14,994;ML Road Tire;Higher density rubber;01/07/2018;;SP7;Biker Boys Inc;0
540;ACC;ACC12;Accessories;Tires and Tubes;12,1924;;32,6;;19,56;HL Road Tire;Lightweight carbon reinforced  for an unrivaled ride at an un-compromised weight;01/07/2018;;SP8;Mike Bikes;0
541;ACC;ACC12;Accessories;Tires and Tubes;10,8423;;28,99;;17,394;Touring Tire;High-density rubber;01/07/2018;;SP3;Life on Wheels;1
542;CP;CP10;Components;Pedals;17,9776;Silver/Black;40,49;;24,294;LL Mountain Pedal;Expanded platform so you can ride in any shoes great for all-around riding;01/07/2018;;SP5;Be A Bike;1
543;CP;CP10;Components;Pedals;27,568;Silver/Black;62,09;;37,254;ML Mountain Pedal;Lightweight durable clipless pedal with adjustable tension;01/07/2018;;SP4;Next Bike;0
544;CP;CP10;Components;Pedals;35,9596;Silver/Black;80,99;;48,594;HL Mountain Pedal;Stainless steel designed to shed mud easily;01/07/2018;;SP5;Be A Bike;1
545;CP;CP10;Components;Pedals;17,9776;Silver/Black;40,49;;24,294;LL Road Pedal;Clipless pedals - aluminum;01/07/2018;;SP8;Mike Bikes;0
546;CP;CP10;Components;Pedals;27,568;Silver/Black;62,09;;37,254;ML Road Pedal;Lightweight aluminum alloy construction;01/07/2018;;SP8;Mike Bikes;0
547;CP;CP10;Components;Pedals;35,9596;Silver/Black;80,99;;48,594;HL Road Pedal;Top-of-the-line clipless pedals with adjustable tension;01/07/2018;;SP8;Mike Bikes;0
548;CP;CP10;Components;Pedals;35,9596;Silver/Black;80,99;;48,594;Touring Pedal;A stable pedal for all-day riding;01/07/2018;;SP2;Trackish Life;0
549;CP;CP9;Components;Mountain Frames;199,3757;Silver;364,09;38;218,454;ML Mountain Frame-W;The ML frame is a heat-treated aluminum frame made with the same detail and quality as our HL frame It offers superior performance Men's version;01/07/2018;;SP7;Biker Boys Inc;0
550;CP;CP9;Components;Mountain Frames;136,785;Black;249,79;40;149,874;LL Mountain Frame;Our best value utilizing the same ground-breaking frame technology as the ML aluminum frame;01/07/2018;;SP3;Life on Wheels;1
551;CP;CP9;Components;Mountain Frames;144,5938;Silver;264,05;40;158,43;LL Mountain Frame;Our best value utilizing the same ground-breaking frame technology as the ML aluminum frame;01/07/2018;;SP8;Mike Bikes;0
552;CP;CP6;Components;Derailleurs;40,6216;Silver;91,49;;54,894;Front Derailleur;Wide-link design;01/07/2018;;SP2;Trackish Life;0
553;CP;CP1;Components;Handlebars;20,464;;46,09;;27,654;LL Touring Handlebars;Unique shape reduces fatigue for entry level riders;01/07/2018;;SP7;Biker Boys Inc;0
554;CP;CP1;Components;Handlebars;40,6571;;91,57;;54,942;HL Touring Handlebars;A light yet stiff aluminum bar for long distance riding;01/07/2018;;SP7;Biker Boys Inc;0
555;CP;CP3;Components;Brakes;47,286;Silver;106,5;;63,9;Front Brakes;All-weather brake pads provides superior stopping by applying more surface to the rim;01/07/2018;;SP1;Pedal For Life;0
556;CP;CP5;Components;Cranksets;77,9176;Black;175,49;;105,294;LL Crankset;Super rigid spindle;01/07/2018;;SP8;Mike Bikes;0
557;CP;CP5;Components;Cranksets;113,8816;Black;256,49;;153,894;ML Crankset;High-strength crank arm;01/07/2018;;SP6;Alicia Bike Keys;1
558;CP;CP5;Components;Cranksets;179,8156;Black;404,99;;242,994;HL Crankset;Triple crankset alumunim crank arm flawless shifting;01/07/2018;;SP1;Pedal For Life;0
559;CP;CP4;Components;Chains;8,9866;Silver;20,24;;12,144;Chain;Superior shifting performance;01/07/2018;;SP7;Biker Boys Inc;0
560;BK;TBK;Bikes;Touring Bikes;755,1508;Blue;1214,85;60;728,91;Touring-2000;The plush custom saddle keeps you riding all day  and there's plenty of space to add panniers and bike bags to the newly-redesigned carrier  This bike has stability when fully-loaded;01/07/2018;;SP3;Life on Wheels;1
561;BK;TBK;Bikes;Touring Bikes;1481,9379;Yellow;2384,07;46;1430,442;Touring-1000;Travel in style and comfort Designed for maximum comfort and safety Wide gear range takes on all hills High-tech aluminum alloy construction provides durability without added weight;01/07/2018;;SP5;Be A Bike;1
562;BK;TBK;Bikes;Touring Bikes;1481,9379;Yellow;2384,07;50;1430,442;Touring-1000;Travel in style and comfort Designed for maximum comfort and safety Wide gear range takes on all hills High-tech aluminum alloy construction provides durability without added weight;01/07/2018;;SP4;Next Bike;0
563;BK;TBK;Bikes;Touring Bikes;1481,9379;Yellow;2384,07;54;1430,442;Touring-1000;Travel in style and comfort Designed for maximum comfort and safety Wide gear range takes on all hills High-tech aluminum alloy construction provides durability without added weight;01/07/2018;;SP7;Biker Boys Inc;0
564;BK;TBK;Bikes;Touring Bikes;1481,9379;Yellow;2384,07;60;1430,442;Touring-1000;Travel in style and comfort Designed for maximum comfort and safety Wide gear range takes on all hills High-tech aluminum alloy construction provides durability without added weight;01/07/2018;;SP3;Life on Wheels;1
565;BK;TBK;Bikes;Touring Bikes;461,4448;Blue;742,35;54;445,41;Touring-3000;All-occasion value bike with our basic comfort and safety features Offers wider more stable tires for a ride around town or weekend trip;01/07/2018;;SP8;Mike Bikes;0
566;BK;TBK;Bikes;Touring Bikes;461,4448;Blue;742,35;58;445,41;Touring-3000;All-occasion value bike with our basic comfort and safety features Offers wider more stable tires for a ride around town or weekend trip;01/07/2018;;SP1;Pedal For Life;0
567;BK;TBK;Bikes;Touring Bikes;461,4448;Blue;742,35;62;445,41;Touring-3000;All-occasion value bike with our basic comfort and safety features Offers wider more stable tires for a ride around town or weekend trip;01/07/2018;;SP3;Life on Wheels;1
568;BK;TBK;Bikes;Touring Bikes;461,4448;Yellow;742,35;44;445,41;Touring-3000;All-occasion value bike with our basic comfort and safety features Offers wider more stable tires for a ride around town or weekend trip;01/07/2018;;SP1;Pedal For Life;0
569;BK;TBK;Bikes;Touring Bikes;461,4448;Yellow;742,35;50;445,41;Touring-3000;All-occasion value bike with our basic comfort and safety features Offers wider more stable tires for a ride around town or weekend trip;01/07/2018;;SP3;Life on Wheels;1
570;BK;TBK;Bikes;Touring Bikes;461,4448;Yellow;742,35;54;445,41;Touring-3000;All-occasion value bike with our basic comfort and safety features Offers wider more stable tires for a ride around town or weekend trip;01/07/2018;;SP5;Be A Bike;1
571;BK;TBK;Bikes;Touring Bikes;461,4448;Yellow;742,35;58;445,41;Touring-3000;All-occasion value bike with our basic comfort and safety features Offers wider more stable tires for a ride around town or weekend trip;01/07/2018;;SP1;Pedal For Life;0
572;BK;TBK;Bikes;Touring Bikes;461,4448;Yellow;742,35;62;445,41;Touring-3000;All-occasion value bike with our basic comfort and safety features Offers wider more stable tires for a ride around town or weekend trip;01/07/2018;;SP6;Alicia Bike Keys;1
573;BK;TBK;Bikes;Touring Bikes;1481,9379;Blue;2384,07;46;1430,442;Touring-1000;Travel in style and comfort Designed for maximum comfort and safety Wide gear range takes on all hills High-tech aluminum alloy construction provides durability without added weight;01/07/2018;;SP3;Life on Wheels;1
574;BK;TBK;Bikes;Touring Bikes;1481,9379;Blue;2384,07;50;1430,442;Touring-1000;Travel in style and comfort Designed for maximum comfort and safety Wide gear range takes on all hills High-tech aluminum alloy construction provides durability without added weight;01/07/2018;;SP7;Biker Boys Inc;0
575;BK;TBK;Bikes;Touring Bikes;1481,9379;Blue;2384,07;54;1430,442;Touring-1000;Travel in style and comfort Designed for maximum comfort and safety Wide gear range takes on all hills High-tech aluminum alloy construction provides durability without added weight;01/07/2018;;SP6;Alicia Bike Keys;1
576;BK;TBK;Bikes;Touring Bikes;1481,9379;Blue;2384,07;60;1430,442;Touring-1000;Travel in style and comfort Designed for maximum comfort and safety Wide gear range takes on all hills High-tech aluminum alloy construction provides durability without added weight;01/07/2018;;SP7;Biker Boys Inc;0
577;BK;TBK;Bikes;Touring Bikes;755,1508;Blue;1214,85;46;728,91;Touring-2000;The plush custom saddle keeps you riding all day  and there's plenty of space to add panniers and bike bags to the newly-redesigned carrier  This bike has stability when fully-loaded;01/07/2018;;SP3;Life on Wheels;1
578;BK;TBK;Bikes;Touring Bikes;755,1508;Blue;1214,85;50;728,91;Touring-2000;The plush custom saddle keeps you riding all day  and there's plenty of space to add panniers and bike bags to the newly-redesigned carrier  This bike has stability when fully-loaded;01/07/2018;;SP5;Be A Bike;1
579;BK;TBK;Bikes;Touring Bikes;755,1508;Blue;1214,85;54;728,91;Touring-2000;The plush custom saddle keeps you riding all day  and there's plenty of space to add panniers and bike bags to the newly-redesigned carrier  This bike has stability when fully-loaded;01/07/2018;;SP8;Mike Bikes;0
580;BK;RBK;Bikes;Road Bikes;1082,51;Yellow;1700,99;40;1020,594;Road-350-W;Cross-train race or just socialize on a sleek aerodynamic bike designed for a woman  Advanced seat technology provides comfort all day;01/07/2018;;SP7;Biker Boys Inc;0
581;BK;RBK;Bikes;Road Bikes;1082,51;Yellow;1700,99;42;1020,594;Road-350-W;Cross-train race or just socialize on a sleek aerodynamic bike designed for a woman  Advanced seat technology provides comfort all day;01/07/2018;;SP4;Next Bike;0
582;BK;RBK;Bikes;Road Bikes;1082,51;Yellow;1700,99;44;1020,594;Road-350-W;Cross-train race or just socialize on a sleek aerodynamic bike designed for a woman  Advanced seat technology provides comfort all day;01/07/2018;;SP4;Next Bike;0
583;BK;RBK;Bikes;Road Bikes;1082,51;Yellow;1700,99;48;1020,594;Road-350-W;Cross-train race or just socialize on a sleek aerodynamic bike designed for a woman  Advanced seat technology provides comfort all day;01/07/2018;;SP1;Pedal For Life;0
584;BK;RBK;Bikes;Road Bikes;343,6496;Black;539,99;58;323,994;Road-750;Entry level adult bike offers a comfortable ride cross-country or down the block Quick-release hubs and rims;01/07/2018;;SP5;Be A Bike;1
585;BK;TBK;Bikes;Touring Bikes;461,4448;Blue;742,35;44;445,41;Touring-3000;All-occasion value bike with our basic comfort and safety features Offers wider more stable tires for a ride around town or weekend trip;01/07/2018;;SP1;Pedal For Life;0
586;BK;TBK;Bikes;Touring Bikes;461,4448;Blue;742,35;50;445,41;Touring-3000;All-occasion value bike with our basic comfort and safety features Offers wider more stable tires for a ride around town or weekend trip;01/07/2018;;SP6;Alicia Bike Keys;1
587;BK;MBK;Bikes;Mountain Bikes;419,7784;Silver;769,49;38;461,694;Mountain-400-W;This bike delivers a high-level of performance on a budget It is responsive and maneuverable and offers peace-of-mind when you decide to go off-road;01/07/2018;;SP5;Be A Bike;1
588;BK;MBK;Bikes;Mountain Bikes;419,7784;Silver;769,49;40;461,694;Mountain-400-W;This bike delivers a high-level of performance on a budget It is responsive and maneuverable and offers peace-of-mind when you decide to go off-road;01/07/2018;;SP8;Mike Bikes;0
589;BK;MBK;Bikes;Mountain Bikes;419,7784;Silver;769,49;42;461,694;Mountain-400-W;This bike delivers a high-level of performance on a budget It is responsive and maneuverable and offers peace-of-mind when you decide to go off-road;01/07/2018;;SP4;Next Bike;0
590;BK;MBK;Bikes;Mountain Bikes;419,7784;Silver;769,49;46;461,694;Mountain-400-W;This bike delivers a high-level of performance on a budget It is responsive and maneuverable and offers peace-of-mind when you decide to go off-road;01/07/2018;;SP5;Be A Bike;1
591;BK;MBK;Bikes;Mountain Bikes;308,2179;Silver;564,99;40;338,994;Mountain-500;Suitable for any type of riding on or off-road Fits any budget Smooth-shifting with a comfortable ride;01/07/2018;;SP4;Next Bike;0
592;BK;MBK;Bikes;Mountain Bikes;308,2179;Silver;564,99;42;338,994;Mountain-500;Suitable for any type of riding on or off-road Fits any budget Smooth-shifting with a comfortable ride;01/07/2018;;SP7;Biker Boys Inc;0
593;BK;MBK;Bikes;Mountain Bikes;308,2179;Silver;564,99;44;338,994;Mountain-500;Suitable for any type of riding on or off-road Fits any budget Smooth-shifting with a comfortable ride;01/07/2018;;SP5;Be A Bike;1
594;BK;MBK;Bikes;Mountain Bikes;308,2179;Silver;564,99;48;338,994;Mountain-500;Suitable for any type of riding on or off-road Fits any budget Smooth-shifting with a comfortable ride;01/07/2018;;SP4;Next Bike;0
595;BK;MBK;Bikes;Mountain Bikes;308,2179;Silver;564,99;52;338,994;Mountain-500;Suitable for any type of riding on or off-road Fits any budget Smooth-shifting with a comfortable ride;01/07/2018;;SP8;Mike Bikes;0
596;BK;MBK;Bikes;Mountain Bikes;294,5797;Black;539,99;40;323,994;Mountain-500;Suitable for any type of riding on or off-road Fits any budget Smooth-shifting with a comfortable ride;01/07/2018;;SP3;Life on Wheels;1
597;BK;MBK;Bikes;Mountain Bikes;294,5797;Black;539,99;42;323,994;Mountain-500;Suitable for any type of riding on or off-road Fits any budget Smooth-shifting with a comfortable ride;01/07/2018;;SP8;Mike Bikes;0
598;BK;MBK;Bikes;Mountain Bikes;294,5797;Black;539,99;44;323,994;Mountain-500;Suitable for any type of riding on or off-road Fits any budget Smooth-shifting with a comfortable ride;01/07/2018;;SP4;Next Bike;0
599;BK;MBK;Bikes;Mountain Bikes;294,5797;Black;539,99;48;323,994;Mountain-500;Suitable for any type of riding on or off-road Fits any budget Smooth-shifting with a comfortable ride;01/07/2018;;SP2;Trackish Life;0
600;BK;MBK;Bikes;Mountain Bikes;294,5797;Black;539,99;52;323,994;Mountain-500;Suitable for any type of riding on or off-road Fits any budget Smooth-shifting with a comfortable ride;01/07/2018;;SP7;Biker Boys Inc;0
601;CP;CP2;Components;Bottom Brackets;23,9716;;53,99;;32,394;LL Bottom Bracket;Chromoly steel;01/07/2018;;SP3;Life on Wheels;1
602;CP;CP2;Components;Bottom Brackets;44,9506;;101,24;;60,744;ML Bottom Bracket;Aluminum alloy cups large diameter spindle;01/07/2018;;SP4;Next Bike;0
603;CP;CP2;Components;Bottom Brackets;53,9416;;121,49;;72,894;HL Bottom Bracket;Aluminum alloy cups and a hollow axle;01/07/2018;;SP2;Trackish Life;0
604;BK;RBK;Bikes;Road Bikes;343,6496;Black;539,99;44;323,994;Road-750;Entry level adult bike offers a comfortable ride cross-country or down the block Quick-release hubs and rims;01/07/2018;;SP7;Biker Boys Inc;0
605;BK;RBK;Bikes;Road Bikes;343,6496;Black;539,99;48;323,994;Road-750;Entry level adult bike offers a comfortable ride cross-country or down the block Quick-release hubs and rims;01/07/2018;;SP1;Pedal For Life;0
606;BK;RBK;Bikes;Road Bikes;343,6496;Black;539,99;52;323,994;Road-750;Entry level adult bike offers a comfortable ride cross-country or down the block Quick-release hubs and rims;01/07/2018;;SP8;Mike Bikes;0
